lat,lng,count
40.7365564,-74.0058348,6
40.7865936,-73.9526345,12
40.66714229999999,-73.77791090000001,12
40.7572276,-73.989793,72
40.7978505,-73.9196151,6
40.773338,-73.9550579,42
-73.9684686,40.743083,2
-73.9629331,40.7589696,20
40.7908161,-73.97448949999999,2
-73.99072319999999,40.7572276,2
-73.97320169999999,40.7354132,2
40.7611488,-73.9795276,6
40.7839448,-73.95233999999999,6
-73.9410867,40.8484218,2
-73.9801446,40.7052386,2
40.7508349,-74.0018906,30
-73.9199857,40.7671405,2
40.6994072,-73.9590091,2
40.7647894,-74.0241197,2
40.7531151,-73.9666182,6
40.7456737,-73.9721105,90
40.740444,-74.00201899999999,2
40.7423534,-74.0085718,156
40.766851,-73.9537503,20
40.7280393,-73.8862096,30
40.7416839,-73.951516,2
-73.8701646,40.7715689,6
-73.906707,40.7715404,20
40.7471447,-73.9855097,6
40.7149514,-74.0096945,2
40.7489862,-73.9880222,6
40.783831,-73.97782699999999,2
40.71936549999999,-74.0019147,2
40.756659,-73.9785638,90
40.74717,-74.0008625,30
-73.980914,40.7465055,2
40.74047,-73.99828699999999,2
40.759211,-73.984638,30
-73.95815449999999,40.7386518,2
40.68420830000001,-73.7259553,2
40.7521408,-73.9797825,2
40.7097673,-73.9920056,2
40.7353038,-73.99415669999999,2
40.7431735,-74.00857599999999,12
40.738161,-74.0081572,2
40.7140518,-73.99758700000001,2
40.7509601,-73.982745,56
40.7698732,-73.9843126,2
40.7730975,-73.9644754,6
40.7672584,-73.96651640000002,2
-73.95815449999999,40.7640606,2
-73.7928637,40.71351740000001,2
40.7851928,-73.94934169999999,90
40.7268909,-73.9999728,6
-73.9683616,40.7797686,2
-73.9582643,40.7639932,6
40.717386,-73.8313012,342
40.7730709,-73.9823225,2
40.6717008,-73.8508829,2
-73.9821527,40.7653068,2
-73.978326,40.782032,6
-73.9440661,40.7851928,30
40.7636463,-73.9776972,12
40.7598462,-73.984197,12
40.7527253,-73.9967889,2
-73.98704719999999,40.7208068,2
40.7024376,-74.00903869999999,30
40.73112709999999,-73.87171719999999,20
40.7256669,-74.00585029999999,210
40.749545,-74.0066488,90
40.7972769,-73.975625,56
-73.9767603,40.68372249999999,2
40.7882804,-73.9764318,6
40.76724100000001,-73.8633357,72
-73.9712505,40.7016832,2
40.7256194,-73.9920066,6
40.6444741,-73.7928637,20
40.7683147,-73.9822149,132
40.72041249999999,-73.98959529999999,2
-73.9887129,40.752809,2
40.7789085,-73.9582618,6
40.7262721,-73.94918760000002,2
40.7130928,-74.00723219999999,2
-74.0063116,40.7257969,20
-73.9777994,40.7368694,2
40.6971449,-73.9849648,20
40.6961746,-73.9804004,6
-73.98583839999999,40.71351740000001,2
40.7252749,-74.0100592,12
-74.0085718,40.7305607,2
40.7190769,-73.9933759,2
40.7155005,-74.00924160000001,12
40.7631038,-73.9625033,2
40.7559048,-73.99448029999999,72
40.7299489,-74.0396842,2
40.720819,-74.00068089999999,12
40.7216203,-73.9934715,2
40.7119752,-74.0058488,2
40.7677767,-73.99325660000001,20
40.69575640000001,-73.9648836,2
40.7613791,-74.0270105,2
-73.9745729,40.75918240000001,30
40.761066,-73.9561286,12
40.7586653,-73.9998866,56
-74.00903869999999,40.701854,2
40.7484867,-73.9749743,20
-74.01600839999999,40.7187638,2
40.7808366,-73.9608937,12
40.778877,-73.9433621,30
-73.8906872,40.7667591,2
40.7557788,-74.0019878,2
-73.96674159999999,40.74796509999999,30
40.7608662,-73.9610606,306
40.69114190000001,-73.99780249999999,2
-73.95220379999999,40.741716,12
40.7071468,-74.0139323,2
-73.9963801,40.697637,6
-73.8313012,40.768023,2
40.8114091,-73.9313193,2
-73.976744,40.7462889,2
40.7307203,-73.9955793,12
40.73563679999999,-73.9230564,2
40.7098258,-74.00996959999999,6
40.7704095,-73.9876293,650
40.7159842,-73.99544139999999,20
40.6446388,-73.7942509,42
-73.97320169999999,40.7548795,2
40.7615582,-73.9940582,20
-73.97320169999999,40.7552491,2
-74.00622229999999,40.7294753,6
40.7430282,-73.98917019999999,6
40.7346104,-73.9862263,2
40.725356,-73.9334725,2
-73.95233999999999,40.7859844,2
-74.0055605,40.74084999999999,2
40.7172486,-74.0130308,6
40.7381071,-73.9736389,6
40.77543,-73.983971,2
40.7263725,-73.991733,2
-73.9576052,40.7103972,2
-73.78680849999999,40.666964,2
-73.9040717,40.7731751,2
-73.9484861,40.7424145,2
40.7062084,-74.01437090000002,2
-73.97320169999999,40.6426037,6
-73.9740873,40.7484867,2
40.779478,-73.97357099999999,6
-74.01510449999999,40.7096822,2
-73.9857202,40.7671441,2
40.6453728,-73.7767959,2
40.6454513,-73.78536749999999,20
40.7666306,-73.8906872,2
40.766614,-73.9649986,12
-73.9780283,40.7284133,2
-74.011977,40.63696729999999,6
40.7320882,-73.9254127,380
40.7419528,-73.98086099999999,2
-73.9669165,40.81766289999999,20
40.7278477,-73.8332545,2
40.7379049,-73.9922319,20
40.723405,-73.95170139999999,2
40.7348096,-73.9524105,20
40.70711379999999,-74.0157844,56
40.7566969,-73.9864836,12
40.762288,-73.97236099999999,12
40.7417987,-73.9893982,12
40.7202833,-74.012052,2
-73.9614663,40.7355453,2
40.8057465,-73.94064,2
-74.0010767,40.7915527,2
40.7261501,-74.0108821,6
40.776876,-73.9493739,2
40.74463919999999,-74.00273059999999,2
-73.9769568,40.7344163,2
40.8458998,-73.9298062,6
40.7488267,-73.9699857,6
40.7470175,-73.97720410000001,420
-73.78417089999999,40.6447796,210
40.7197742,-74.0067963,2
40.7621935,-73.99361259999999,42
40.7804379,-73.9498839,2
40.7663149,-73.98188309999999,12
-73.9692709,40.747765,2
40.75533,-73.99117700000001,110
40.7697199,-73.9951262,6
40.7965672,-73.9702958,2
40.7421185,-74.0082146,20
40.795861,-73.9765567,110
40.7431951,-73.9799523,6
-74.01035929999999,40.6752663,2
40.774852,-73.98066,2
40.7377464,-73.9882183,2
-73.97644,40.782032,2
40.7179232,-73.9930674,2
40.7722473,-73.91967679999999,6
-73.9550579,40.7466704,2
40.7417729,-73.8411291,12
40.7327253,-73.9744918,56
-73.96340219999999,40.7145192,2
40.763667,-73.956083,6
40.7498326,-73.9722144,420
40.7502247,-73.9393991,56
40.7011648,-73.96091050000001,12
40.7641207,-73.9884728,6
40.7048034,-74.0169404,6
40.7246336,-74.0070149,2
40.7184111,-74.0005723,6
40.7110078,-74.0004677,56
40.8386632,-73.9332897,2
40.7061348,-74.00602219999999,6
40.7463222,-73.9694962,6
40.71707139999999,-74.0062425,12
40.7546302,-73.9737564,20
40.74387249999999,-73.9815564,6
40.7775561,-73.9488846,2
40.7278584,-74.00545249999999,42
40.7343208,-73.9380687,2
40.738744,-74.0099465,2
40.7385315,-73.9026441,6
40.6889453,-73.9810767,20
-73.9817686,40.7508261,90
40.643002,-73.7861894,30
40.7174576,-74.0035359,2
-73.9694279,40.7729806,2
-73.7811846,40.7414575,30
40.7297446,-73.9907621,42
40.7264142,-74.0056899,2
40.7289204,-74.0085948,20
40.82851489999999,-73.8374805,2
-73.9694279,40.761038,6
40.7970099,-73.9760317,56
40.7467947,-73.9884889,2
40.7300043,-73.9835255,2
40.70319,-74.00801,2
40.7571096,-74.00503549999999,6
-73.9352962,40.7100294,2
40.73697,-74.0082505,12
-73.9511782,40.8003536,2
40.7153113,-73.9604365,2
-73.91967679999999,40.8010791,6
40.7634309,-73.9926986,2
-73.9732499,40.7398254,306
-73.8703872,40.7370737,12
40.7210091,-73.97470369999999,2
40.7671405,-73.9040717,72
40.7801464,-73.95711109999999,2
40.7876973,-73.9750413,6
40.6553877,-74.01035929999999,6
40.7591407,-73.9598489,56
40.7859379,-73.9551062,2
-73.8506266,40.7460519,2
-74.000528,40.7354336,2
-73.8476513,40.7417729,2
-73.936315,40.7977328,6
40.8174915,-73.9606645,12
40.7395251,-73.9869087,6
-73.7912529,40.6664655,6
-73.97453999999999,40.776788,2
40.697637,-73.9853279,56
40.76843450000001,-73.9199857,2
40.7455405,-74.0083124,2
40.7352618,-73.91921549999999,182
-73.9986333,40.7110078,6
40.7479661,-73.9704081,6
40.7200537,-73.9749384,2
-74.0005904,40.749545,2
40.7704323,-73.9622158,30
40.7040867,-74.0089756,2
40.7144551,-73.9352962,2
40.7795739,-73.9618584,6
40.78962689999999,-73.9736228,2
40.761038,-73.98701500000001,56
40.7628133,-73.99314079999999,2
40.7071252,-74.01489,12
40.7305472,-73.99049219999999,30
-73.9906266,40.7344163,20
40.7596437,-73.9954843,182
40.7199463,-73.9441585,6
40.7484875,-73.8956883,2
40.75144299999999,-73.97605519999999,20
-73.9913902,40.76921230000001,6
40.8501605,-73.9357551,2
40.7386723,-73.8476513,506
-73.9441212,40.717386,2
-73.9751248,40.74084999999999,2
-73.985049,40.742765,2
40.7086738,-73.9984185,90
40.7346785,-73.99999559999999,6
-73.90714419999999,40.7923223,6
40.7608476,-73.9983225,20
-73.9837592,40.7652593,6
-73.9781429,40.7636463,2
-73.96432779999999,40.7502247,56
40.7160014,-74.0070872,2
40.7337243,-74.00632159999999,6
40.7305773,-73.9924238,30
40.6962789,-73.9794962,2
40.757289,-73.9781186,6
-73.7970112,40.6446388,42
-73.9582643,40.7596329,72
40.7242667,-73.9848465,2
40.7355453,-73.9253028,30
40.7553062,-73.9949049,12
-73.9841244,40.752809,6
-73.9937434,40.744009,2
-73.97492249999999,40.7735046,6
40.7654858,-73.9820275,2
40.7065399,-74.01600839999999,156
40.7841996,-73.9422488,30
-73.988378,40.767758,2
-73.9747442,40.7498326,6
40.7341486,-73.9991785,20
-73.9613719,40.7200476,2
-73.9492331,40.7412788,2
40.7290028,-73.99377419999999,2
40.7100116,-74.0011208,12
40.7567653,-73.98270230000001,42
40.7567606,-73.9671458,12
40.7807062,-73.9465848,56
-73.9059243,40.76765049999999,2
40.7388695,-73.9872553,12
40.7035574,-73.96002240000001,30
40.73463479999999,-73.98829309999999,2
-74.0036367,40.7256669,2
40.7384903,-73.9918083,2
40.7156319,-73.9985027,2
40.7188621,-73.9889855,240
40.8011213,-73.9652183,2
40.8465213,-73.932074,2
40.738756,-74.003446,6
40.794736,-73.96987,2
40.7410555,-73.9978599,30
-73.97997579999999,40.7323264,6
-73.97928809999999,40.75006090000001,2
40.7915527,-73.96441879999999,306
-73.9212929,40.7666445,56
-73.8994919,40.7470002,72
40.75701309999999,-73.963871,6
40.7620698,-73.961978,30
40.8028839,-73.96771919999999,20
40.77913969999999,-73.9849899,12
40.7814843,-73.9868863,6
40.7454342,-73.9753917,56
-73.99400810000002,40.7164429,2
40.7647595,-73.9822513,2
-73.7809678,40.6466193,110
-73.9638425,40.7717916,12
40.7440656,-73.98775400000001,20
40.7694573,-73.8655928,56
40.7339498,-73.988793,6
40.7808623,-73.9588047,12
40.7198016,-73.98754339999999,20
40.7671971,-73.9899745,2
40.8030218,-73.936315,6
40.7624162,-73.956989,6
40.7122307,-73.9540427,2
-73.92929389999999,40.7841996,30
40.739348,-74.00967440000001,2
40.77861190000001,-73.9816265,2
40.7966379,-73.94940299999999,6
-73.97352070000001,40.7463175,2
-73.94376299999999,40.7923656,2
-73.97171879999999,40.783242,42
-73.8374168,40.7321176,2
40.6726396,-73.97001250000001,6
40.7647383,-73.894821,1122
-73.8641538,40.7729806,2
40.7359972,-73.9822652,2
-73.9291236,40.7829278,12
40.7391612,-73.97997579999999,42
40.7759156,-73.95326480000001,12
40.7189793,-73.9750926,2
-73.95884,40.7035574,2
40.7797686,-73.9443786,90
40.7828537,-73.94376299999999,210
40.746581,-73.997552,2
-73.96134769999999,40.7118378,2
-73.96851869999999,40.7480058,2
40.808647,-73.9282218,2
40.752809,-73.97928809999999,342
40.748432,-73.982473,30
-73.9293046,40.7849701,12
-73.9610436,40.7509125,2
40.7321176,-73.9255804,56
40.7422539,-73.9777306,30
-73.9909967,40.7241246,6
40.779489,-73.9534669,2
40.7399914,-73.8448267,2
-73.9707273,40.7531679,56
40.7178409,-73.97529109999999,30
40.7457167,-73.97811949999999,182
40.72077530000001,-73.9812832,30
40.7437953,-73.9890388,2
40.759791,-73.987927,6
-73.96002240000001,40.7018554,20
40.7595537,-73.9993022,6
-74.0066488,40.74820190000001,20
40.7504554,-73.98729399999999,2
40.7415521,-73.8416209,12
40.7993368,-73.92911819999999,12
-73.9670379,40.7885802,12
40.683714,-73.96798629999999,2
40.7687341,-73.90714419999999,342
40.6959436,-73.9843731,2
-73.9740873,40.7721142,2
-73.98316299999999,40.7579537,2
-73.8476513,40.6454513,20
40.7784886,-73.9854522,2
40.7472675,-73.9896202,6
-73.9422488,40.6448238,2
40.7294753,-74.0051709,420
40.6914401,-74.1840045,6
40.7426685,-73.984475,20
-73.96418849999999,40.798214,6
40.7339518,-73.9777994,20
-74.0119515,40.7375522,2
40.75918240000001,-73.9582643,600
40.8032011,-73.92952319999999,12
40.7640121,-73.99602209999999,12
40.7344163,-73.98990239999999,56
-73.9672612,40.7628086,2
-73.9907782,40.7388695,2
40.7555152,-73.9836229,2
40.7603705,-74.0028734,2
40.7252032,-74.01127799999999,110
40.7314916,-73.9192101,2
40.7018554,-73.9613523,30
-73.83948,40.7278477,2
-73.8912251,40.7463175,2
40.7529461,-73.9855202,132
40.7555055,-73.968065,12
40.7597432,-73.974223,6
40.7501536,-73.9769889,12
40.7836498,-73.94351089999999,6
40.75723360000001,-73.9760386,42
-73.9821527,40.7778523,2
40.7870226,-73.8237661,12
-73.95888939999999,40.7696398,2
40.7402522,-73.9905273,2
40.7666445,-73.8890241,182
40.7325835,-73.98768869999999,12
40.75652849999999,-73.9743637,20
-73.9254127,40.6446145,12
40.7484326,-73.9845368,42
40.7303554,-74.0081991,20
-73.7971918,40.7414575,42
40.7254954,-74.0040538,56
40.767119,-73.9564907,20
-73.99871300000001,40.7386869,2
-74.01510449999999,40.70711379999999,2
40.760856,-73.9572318,42
40.7369997,-73.97486049999999,132
-73.97092430000001,40.7468993,2
-74.0008625,40.7263015,6
-73.9984857,40.7354336,12
40.7695842,-73.8666724,56
-73.9564907,40.75918240000001,2
40.755602,-73.9760622,2
40.7451843,-73.97092430000001,42
-73.9616494,40.7596278,12
40.7560886,-73.9950563,2
40.7667591,-73.8925333,2
-73.9692709,40.7696398,6
40.8484218,-73.9376771,2
-73.9747442,40.7715404,156
40.7551865,-73.9712074,42
-73.9613523,40.74113819999999,2
-73.9441614,40.778877,6
40.6355336,-74.01734809999999,20
40.6484267,-73.7858068,12
40.8004565,-73.9657021,12
-73.9610436,40.760986,12
40.7569937,-74.0048262,6
40.7731751,-73.90166049999999,2
40.7578369,-74.0009644,42
40.6664314,-73.7964163,30
-73.9600487,40.8003536,2
40.7363908,-73.8560922,2
-73.9987182,40.7548529,2
40.7328463,-74.0021333,2
40.764349,-73.9987268,6
-73.8701646,40.7370737,110
-73.8476513,40.6444741,12
40.776058,-73.983505,6
40.7375522,-73.97419239999999,6
40.7643029,-73.97300419999999,182
40.7403386,-73.9731748,12
40.783347,-73.9707794,30
40.7678011,-73.95599829999999,6
-73.961978,40.7528454,20
40.752285,-73.9669722,12
40.7416627,-74.0049708,2
-73.8368239,40.7349837,2
40.7014372,-74.0119515,90
40.7558748,-73.9728306,2
40.7794974,-73.95556839999999,30
40.77741,-73.97879999999999,2
40.7330208,-73.9844268,6
40.7832132,-73.9447555,30
-73.9439044,40.7200476,2
-73.9441585,40.7141402,2
40.7692245,-73.9673102,6
-73.9756787,40.7065399,2
40.78467759999999,-73.9560262,6
40.7679688,-73.9682169,72
40.7683954,-73.9928188,2
40.778805,-73.97406699999999,2
40.7684832,-73.96360609999999,30
40.7497239,-73.8985718,2
-73.98833499999999,40.7515812,2
40.7442553,-73.9712505,182
-73.9907223,40.7297446,6
40.7391172,-74.0684382,2
40.76975119999999,-73.96059249999999,12
40.7052386,-74.0047471,20
40.8493755,-73.93991299999999,6
-73.9666651,40.74796509999999,6
40.7245817,-73.9874952,12
-73.98990239999999,40.7463913,6
40.7178221,-73.98573710000001,12
40.7048527,-74.0164491,6
40.8044112,-73.91838539999999,6
40.7485249,-73.97314399999999,2
-73.8912251,40.7715689,56
-74.0051709,40.7240949,2
40.6891403,-73.9906902,20
40.7599072,-73.9587955,12
40.7590996,-73.99214479999999,2
-73.9657882,40.7609254,6
40.7979563,-73.94001229999999,12
-73.9999728,40.7184033,2
40.7369627,-74.0098429,12
40.7513611,-73.9679761,2
40.7420198,-73.83948,2
40.7721112,-73.91975459999999,6
40.7691193,-73.9885587,42
-73.978741,40.76921230000001,12
-73.94523459999999,40.7627111,2
40.7479214,-74.00789739999999,42
40.7094111,-73.9607882,72
40.783147,-73.978326,12
40.772344,-73.95268209999999,72
40.7142215,-73.9564317,6
40.7286023,-74.0053184,6
-73.7891784,40.7376329,6
40.747893,-73.9891689,90
40.7407732,-73.9838067,6
-73.8666724,40.7352395,12
40.7617884,-73.97908389999999,90
-73.97720410000001,40.74764,2
40.7460519,-73.97492249999999,1406
40.7916755,-73.9647019,156
40.7853113,-73.96933969999999,12
40.7602201,-73.9576127,6
40.7815196,-73.9627152,182
40.7396658,-73.99095969999999,6
-73.7811846,40.8455034,2
40.7828099,-73.9574031,2
40.7611302,-73.9578997,6
40.7422255,-73.99700419999999,2
40.728308,-73.9907223,272
40.7254924,-73.996726,30
40.7108172,-73.9684953,2
40.7364446,-74.0065947,2
40.7571543,-73.9935881,6
-73.9801446,40.7407329,2
-73.8988079,40.801748,2
-73.8641538,40.76724100000001,6
-73.992803,40.7596329,2
40.8009073,-73.92929389999999,272
40.7711473,-73.9639279,2
-73.8637394,40.7708416,12
40.7601632,-73.9988168,6
40.7923656,-73.96418849999999,272
-73.9294595,40.7732152,2
40.7478706,-73.9754225,2
40.7114005,-74.0086398,2
40.8366917,-73.8723449,2
40.7098306,-74.0150455,6
40.7496755,-73.981573,2
40.7412788,-73.9525347,156
40.7018061,-73.9605553,12
-73.9868766,40.69575640000001,2
40.8470416,-73.9431018,30
40.75927,-73.980886,12
40.7769576,-73.9637536,272
-74.0085948,40.7420975,2
-73.97547999999999,40.776788,2
40.74282729999999,-74.00773459999999,2
40.645435,-73.779828,2
-74.00697219999999,40.75023590000001,2
-73.995173,40.74717,2
40.7724388,-73.978741,380
40.7971598,-73.97364770000001,2
40.7468684,-73.8949926,6
40.7221536,-73.9863539,12
40.75416,-73.980395,56
40.7622939,-73.97445789999999,20
40.7589604,-73.9959621,2
40.76303,-73.9781429,20
-73.8374168,40.7539319,2
-73.98643969999999,40.7550524,2
-73.9214002,40.7376329,2
40.7711203,-73.86658709999999,6
40.7802053,-73.9441614,56
40.7176579,-74.0075299,2
40.7233686,-74.0079995,6
40.758487,-73.9751335,42
40.75232219999999,-73.9245024,2
40.6452247,-73.7895602,6
40.7283726,-74.002828,210
-73.9680303,40.7586253,2
40.7305607,-74.0104187,20
40.7204095,-73.99400810000002,420
40.7656852,-73.9762334,2
-74.00632159999999,40.7291715,6
40.7231915,-74.00277059999999,12
40.7559848,-73.9769568,272
40.7015083,-74.011977,90
40.7357748,-73.9853714,2
40.7679876,-73.8641538,272
-73.95178640000002,40.714075,2
40.7598135,-73.9616494,42
-73.9613719,40.6993957,6
40.7189346,-73.94610449999999,56
40.7284519,-73.99118589999999,20
40.7323264,-73.9849539,132
40.727835,-73.9947559,6
-73.94307719999999,40.8457314,12
40.6999201,-73.9860211,6
40.7477802,-74.00043409999999,12
40.7098707,-74.0006492,2
40.7736069,-73.98157950000001,20
-73.9613719,40.7188621,2
40.7402791,-74.0436933,2
40.7675122,-73.9593709,2
-73.9785638,40.7539319,2
40.73069690000001,-73.9890723,12
40.7609826,-73.9907693,12
40.7295312,-73.9779331,2
-73.9709553,40.7649102,2
40.78451159999999,-73.9498121,2
40.765418,-73.983822,6
40.6833118,-73.7266333,2
40.7256582,-74.0057366,42
40.7552637,-73.8994919,182
-73.9831597,40.7812568,2
40.7323483,-74.0035576,20
40.7550685,-74.03576249999999,2
-73.8715459,40.7683654,2
40.7521984,-73.9818312,12
40.7463872,-73.9797275,20
-74.0008387,40.6674557,6
40.7501117,-73.9749783,2
40.7051717,-74.00740019999999,2
40.7701235,-73.9574128,12
40.7366894,-73.9931526,6
40.6761856,-74.0009688,12
-73.9876293,40.7420975,2
-73.9291236,40.7721112,2
40.77813,-73.95446559999999,2
-73.9109299,40.7680297,2
40.7031556,-73.9600725,12
40.7551289,-73.96524289999999,6
-73.9740873,40.6461633,20
40.6788614,-74.00274689999999,2
40.7252617,-73.9922789,2
40.755354,-73.977417,6
-73.9744824,40.7829278,6
40.7257969,-74.0109568,182
40.7434885,-73.9728375,2
40.8253811,-73.8640403,2
40.722987,-73.98852509999999,12
40.6476962,-73.7861704,2
-73.97445789999999,40.7616198,2
-74.0076528,40.7226311,2
40.7366267,-73.8368239,2
40.7589696,-73.9644979,30
-73.9756979,40.7559848,2
-73.9254127,40.7545383,56
40.7704059,-73.9480573,6
-73.894821,40.7460519,6
-73.9740873,40.6449987,2
40.742223,-73.9932895,12
40.701854,-74.0108934,30
-73.7861894,40.74113819999999,2
40.7652837,-73.95209,20
40.7710654,-73.98716189999999,12
40.73479469999999,-73.9907782,240
-73.9598489,40.7493043,2
40.7625969,-73.9790738,2
40.7520298,-73.8973748,2
40.7943054,-73.9510983,12
-73.97720410000001,40.7280393,6
40.7533925,-73.9963114,20
-73.9485232,40.7412788,2
-73.9728959,40.73323080000001,2
40.7908823,-73.9727365,2
40.7578612,-73.975591,2
40.59899050000001,-73.905429,2
-74.0040953,40.709302,12
-73.8666925,40.7695842,56
-73.9640513,40.7497157,2
-73.960424,40.7141402,20
-73.83606569999999,40.8298453,6
40.6999568,-73.9868353,30
-73.9890388,40.7447955,2
40.7614492,-73.9841062,12
40.74406099999999,-74.006811,2
40.7412774,-73.95144359999999,72
40.7309469,-73.9739165,6
40.7514469,-73.98770700000001,2
40.7515812,-73.9822803,30
-74.01127799999999,40.749545,2
-73.9686758,40.7741641,2
40.74335019999999,-73.9841347,2
40.7334989,-73.98984639999999,30
40.7362726,-74.0429926,2
40.7140801,-73.9552513,2
40.75413,-73.98833499999999,90
40.7301664,-73.99607689999999,2
40.799482,-73.9553698,6
40.7152122,-74.0132058,20
40.7241833,-73.9925189,42
40.7056309,-74.00676399999999,2
-73.9760317,40.79553569999999,2
40.7191428,-74.0069005,2
-73.894821,40.7679876,42
40.7463175,-73.973653,72
40.6780899,-73.9441714,6
40.68041119999999,-73.8762977,2
-73.94537679999999,40.8467703,2
40.7409804,-74.00546229999999,2
40.6981418,-73.961978,2
-73.9760317,40.7971561,6
40.7328437,-73.9959437,20
-73.979246,40.7462889,6
40.73232489999999,-74.000528,6
40.7530226,-73.9638796,56
40.74074830000001,-73.8996591,2
-74.01117959999999,40.7143881,6
40.766529,-73.9509769,20
40.6452499,-73.78056769999999,156
-73.97211399999999,40.747765,2
40.7269459,-74.0034859,2
40.7605339,-73.9583462,2
40.7347899,-73.9987182,20
-73.9747442,40.7586253,2
40.6417282,-73.78793879999999,20
-73.9214002,40.7204095,6
-73.9785728,40.7546267,42
40.7768477,-73.9891838,2
40.8419624,-73.94537679999999,30
40.748414,-73.9999965,2
40.7573947,-73.9822628,2
40.7280901,-74.00211449999999,56
-74.0100592,40.7257969,12
40.7649102,-73.9725559,42
40.7407329,-73.9728753,132
-73.8988079,40.7715689,552
40.7193056,-73.98590589999999,6
40.7629605,-73.9739661,30
40.7194479,-73.9446248,56
40.7598615,-74.0269612,2
-74.002828,40.7250371,2
40.7953033,-73.97120989999999,6
-74.01510449999999,40.6352375,2
40.7639932,-73.9587835,20
40.7416321,-73.9781691,6
40.756502,-73.97237059999999,6
-73.8633357,40.7729806,42
40.7373755,-73.9744824,132
40.72612760000001,-73.90285,6
-73.9427687,40.7144551,2
40.7278604,-73.9931345,20
40.7431562,-73.9720336,12
40.7424145,-73.94926699999999,2
40.7709615,-73.876036,2
40.7446369,-74.0063929,2
40.7807171,-73.98701369999999,12
40.6464038,-73.78680849999999,110
40.7192424,-73.9902144,30
-73.8935003,40.772877,2
40.7101982,-74.0011098,30
40.7589496,-73.9684795,6
40.76338500000001,-73.99647499999999,6
40.7636207,-73.9990066,2
40.7707757,-73.9172572,6
40.785816,-73.972708,6
40.645098,-73.7809678,156
40.7268756,-73.9799139,6
40.7222848,-73.9971666,42
40.7865014,-73.9722177,20
40.6455979,-73.7882527,2
40.7414327,-73.9853743,6
40.7301174,-73.9894735,2
40.7455978,-73.97320169999999,6162
40.7684462,-73.98904329999999,6
40.7834265,-73.9569403,2
-74.00503549999999,40.7856466,2
40.7069121,-74.0135528,2
40.6902233,-73.726598,2
-73.9702744,40.6446145,2
40.7423132,-73.98901769999999,42
40.7413662,-73.9209563,2
-73.98583839999999,40.7647383,2
-73.9419392,40.7836498,2
40.7497197,-74.0084177,6
40.7603128,-73.995003,6
-73.8935003,40.7694573,20
40.7446203,-73.9852542,2
40.7723377,-73.8763484,156
40.7502839,-73.9948484,12
40.7608021,-73.9845206,6
40.801748,-73.9167993,30
40.6984474,-73.9855738,12
40.7152403,-74.0054243,2
40.7693587,-73.8637394,12
40.7095586,-74.0015825,12
-73.8890241,40.7665344,6
-73.9744824,40.7391612,2
40.7833498,-73.9547889,2
40.6572242,-73.9829851,2
-73.8715459,40.7977328,2
-74.016978,40.7178409,2
40.7489141,-73.9778781,2
40.7447677,-73.9758866,2
40.7542506,-73.968974,20
40.7673436,-73.9686758,156
40.7295668,-73.9965785,6
-73.8763484,40.7352395,72
40.7617278,-73.98281229999999,6
-74.00711489999999,40.7263015,12
-73.9944314,40.7241246,2
-73.9609536,40.7094111,6
40.7416056,-73.9937434,72
40.7464682,-73.9838949,20
40.6449987,-73.7878041,42
40.7596278,-73.9639856,30
40.7554101,-73.979483,6
40.7240512,-73.99256319999999,12
-73.9648836,40.6981418,2
-73.96544180000001,40.7741641,2
40.783242,-73.97453999999999,72
40.7497096,-73.991556,90
40.7355931,-73.9794713,6
40.7795117,-73.9816278,2
-74.00876559999999,40.7659456,2
40.7687991,-73.958424,20
40.6544243,-74.0077261,6
40.7211972,-73.9877822,6
40.7234716,-73.9792762,2
40.7548529,-73.9841244,600
-74.0009688,40.7060539,12
-73.9644979,40.750622,20
40.7813959,-73.952122,2
40.81699930000001,-73.9594661,2
40.6978753,-74.18607209999999,2
40.7606335,-73.9630817,20
-73.9836386,40.7455978,12
40.727382,-73.9885461,2
-73.95815449999999,40.7608662,306
40.781951,-73.97547999999999,2
-73.9906902,40.6896809,6
40.7490499,-73.982024,6
-73.9593211,40.7815196,2
40.7840307,-73.954504,2
40.7317091,-74.0009719,30
-73.9907693,40.7621935,2
-73.97320169999999,40.7376329,2
40.768646,-73.9698114,420
40.7577423,-73.9968648,2
40.7347814,-73.9241387,12
-74.01016249999999,40.7202833,2
40.760939,-73.9670508,2
40.7721696,-73.874186,56
40.7836481,-73.985278,30
40.7042279,-74.01159129999999,2
40.7376329,-73.8506266,506
40.7576956,-73.9693831,20
40.7447955,-73.99142189999999,12
40.7603568,-73.9912263,6
40.74953989999999,-74.0064557,6
40.6448238,-73.7916364,2
40.7470619,-73.979246,20
40.8457314,-73.92966,12
40.7971561,-73.975672,30
-73.98022499999999,40.753554,2
40.7190164,-74.0051792,2
40.714326,-73.955057,2
40.7770246,-73.9637053,2
-73.97320169999999,40.7388323,42
40.7545383,-73.8988079,1806
40.7125698,-74.0076541,2
-73.9698114,40.7724388,2
40.7547141,-73.9759,2
-73.9588629,40.7100294,2
40.6783217,-73.9487035,6
40.7602823,-73.971599,2
40.6447503,-73.7947444,2
40.7723336,-73.9587231,6
-73.9728753,40.7057987,2
40.7447228,-73.9484861,2
-73.894821,40.7455978,12
40.758314,-73.9629331,30
-73.8961095,40.7507873,2
40.7322213,-73.9986277,20
40.7782799,-73.9606965,2
40.77147739999999,-73.91822979999999,20
40.7696398,-73.9483604,90
-73.824384,40.6417282,6
40.7515783,-73.9678514,2
40.7332802,-73.98719609999999,42
40.6844161,-73.97840599999999,2
40.7334407,-74.00110029999999,12
40.7806576,-73.97644,6
40.7510839,-73.98684999999999,12
40.7583062,-74.0001564,72
40.7437815,-73.97352070000001,30
40.6990634,-73.9868766,42
40.7364896,-73.8546908,2
40.75006090000001,-73.9913001,20
40.7509146,-73.9981561,6
40.7410712,-74.0015593,2
40.7525583,-73.9438041,20
-74.0076654,40.7163477,2
-73.78417089999999,40.6484267,2
40.71143740000001,-73.9550895,2
-73.97320169999999,40.7717709,20
40.7428443,-74.0088321,2
-73.90714419999999,40.7100294,2
40.7661515,-73.8912251,1056
-73.94523459999999,40.7531994,2
40.75023590000001,-74.0083265,6
-73.9937434,40.7366609,2
40.7210488,-73.9982387,20
40.760411,-73.98745749999999,72
40.75456,-73.9801063,2
40.7452343,-74.0059515,6
40.7572196,-73.9740698,6
40.7647976,-73.9842943,2
40.7190434,-74.0123189,2
40.7276757,-74.00314879999999,42
40.6781188,-73.9417988,2
40.7717916,-73.9792078,930
-73.9920066,40.7239323,6
-73.97997579999999,40.7369997,2
40.7395276,-73.89983819999999,2
40.7563852,-73.96433019999999,2
40.77246150000001,-73.96704360000001,110
40.6934876,-74.1870866,6
-73.9465848,40.7525065,2
-73.8669084,40.7462889,6
-73.791983,40.7470002,2
-73.9831597,40.74769,2
40.7297042,-73.9808523,2
-73.97320169999999,40.7460519,2
40.763478,-73.9672612,2
40.7468993,-73.9692709,132
-74.0018906,40.7426106,2
-73.99999559999999,40.7347899,2
40.7558113,-73.9707501,6
40.76765049999999,-73.9050666,2
-73.9443786,40.7530226,2
-73.97222,40.7309723,2
40.7239323,-73.98795779999999,6
-73.96060469999999,40.782032,2
40.72699859999999,-73.9998762,12
40.742839,-74.000275,12
40.7548815,-73.962705,20
40.7598002,-73.9763044,2
40.7241485,-74.0045794,56
40.731984,-73.98809899999999,2
40.7615555,-73.9665923,6
40.7716296,-73.99046919999999,20
40.757907,-73.9893022,20
40.7602538,-73.9675441,56
-73.992803,40.741716,2
-73.78680849999999,40.59899050000001,2
40.7566076,-73.9764977,2
40.7329337,-74.0000828,30
40.7628671,-73.98940929999999,20
40.7539319,-73.97212209999999,132
40.6558318,-73.9812172,2
40.7843785,-73.98119609999999,2
40.7488675,-74.00697219999999,20
-74.0157844,40.6450035,30
-73.97171879999999,40.76921230000001,2
-73.94095999999999,40.7721696,2
-73.9830695,40.7368694,2
40.7287487,-73.98445219999999,12
40.7692658,-73.9693446,6
-73.8935003,40.7732152,12
40.754499,-73.9656923,2
-73.9435105,40.7511203,12
40.7661339,-73.9971441,2
40.7521624,-73.9778018,2
40.7586253,-73.9657882,110
-73.9848426,40.768023,30
40.677841,-73.993725,2
40.7759275,-73.9471058,20
-73.97492249999999,40.7370737,90
-73.975672,40.7952668,2
40.7733208,-73.9689302,2
-73.96039429999999,40.7794974,2
-73.894821,40.7536329,2
-73.9471058,40.7724388,2
40.7291715,-74.00120530000001,20
40.789674,-73.96985,6
40.7729749,-73.9820359,12
-73.9757001,40.745044,12
40.7879123,-73.95575199999999,420
40.7392054,-73.9005839,6
40.6445925,-73.7876313,2
40.7550524,-73.9866811,6
40.7838868,-73.98008039999999,30
40.8180368,-73.9618156,20
40.7619826,-74.0010767,210
40.78842420000001,-73.97076109999999,2
40.7699193,-73.9945362,2
40.7444436,-73.9730246,2
40.7801766,-73.9593211,12
40.7640574,-73.9922448,2
-73.9822149,40.7663149,2
40.7096822,-74.0150937,56
40.7017961,-74.011175,12
40.7410153,-73.9010704,2
40.80066310000001,-73.9464586,2
40.7761874,-73.94985199999999,6
40.7642537,-73.9985104,2
40.7872316,-73.9541591,182
-73.8313012,40.7320882,12
40.7413435,-73.9891367,30
40.709302,-73.9941819,12
40.7388323,-73.9831597,462
-73.9446248,40.717581,12
40.7616198,-73.9728561,6
-73.9255804,40.7355453,2
40.7548795,-73.96851869999999,12
40.74991199999999,-73.99141039999999,2
40.76208440000001,-74.0013329,2
-73.976744,40.7665344,2
40.7674137,-73.9823909,12
-73.9648627,40.7542506,2
40.7429008,-73.9518686,2
40.7858784,-73.9488241,2
40.7977328,-73.9224261,272
-73.9803575,40.7100294,2
40.756567,-73.990276,6
40.7386869,-73.99587369999999,12
-73.9574128,40.767536,2
-73.9831597,40.7428904,2
-73.9483604,40.773338,2
40.7136544,-73.9979737,2
40.7373163,-73.99266759999999,2
-73.9291236,40.808647,2
40.7673782,-73.99623319999999,2
40.8049691,-73.9259912,2
-73.8912251,40.7647383,56
-73.984638,40.7546302,2
40.7514411,-74.00144499999999,6
-73.976748,40.7530226,2
40.7407178,-73.9817567,2
40.741716,-73.94949319999999,72
40.73196,-74.0460939,2
40.7565323,-73.9821489,2
40.7163835,-73.8284795,2
-73.9722144,40.7455978,30
40.7248348,-73.9751624,2
40.7340256,-73.9950724,6
40.8182464,-73.956606,2
40.7652593,-73.9951059,42
-74.0196445,40.6354534,2
-73.9765567,40.7961459,30
-74.0051709,40.716588,2
40.761667,-73.9749136,6
40.672788,-73.9692029,6
40.745952,-73.998009,12
40.666964,-73.77077659999999,2
40.8003536,-73.95824780000001,42
40.8298453,-73.8375945,12
40.675565,-74.0007237,2
40.7155932,-74.003017,6
40.7045116,-74.0142757,12
40.798214,-73.92253339999999,210
-73.9294595,40.798214,12
-73.9984857,40.7715404,2
-73.97321629999999,40.7972769,2
40.7683654,-73.86259679999999,6
40.6450035,-74.01748359999999,72
40.7214187,-73.99741929999999,2
40.74769,-74.00416799999999,90
40.7199755,-73.9442396,2
40.7515205,-73.98022499999999,12
40.7583454,-73.99643139999999,12
-74.00277059999999,40.7226311,2
40.8204328,-73.93617239999999,2
-74.0162055,40.7014372,2
-73.9853743,40.7407732,2
40.6661613,-73.9944302,30
-73.8506266,40.7386723,272
40.7531679,-73.96674159999999,110
-74.0010767,40.8467703,2
40.7320165,-74.0103168,2
-73.9621299,40.7546267,2
-74.00314879999999,40.7278584,6
40.7121505,-74.0056153,2
40.7164429,-73.99592849999999,56
40.7479655,-73.98911509999999,2
-73.9822149,40.7668893,2
40.7812568,-73.9440661,182
40.7627111,-73.96154489999999,2
40.77624,-73.95587309999999,2
40.7604762,-73.9837592,42
40.7226577,-73.9879096,2
-74.0005904,40.7583062,12
40.720628,-74.0052098,2
40.6461633,-73.78417089999999,342
40.75597740000001,-73.974981,2
40.7636089,-73.9814355,20
40.6352905,-73.95819999999999,2
-73.8666724,40.7973135,2
40.7516796,-73.9901898,2
-73.962705,40.7552283,2
40.7602536,-73.9696318,12
40.767758,-73.9821527,1190
-73.9525347,40.741716,2
40.7350013,-73.9798909,72
-73.8912251,40.7509601,2
40.7665344,-73.8935003,182
40.7127415,-74.0096628,42
40.7157954,-73.9948569,20
-73.96598569999999,40.7240512,2
40.7815248,-73.96039429999999,110
40.69929459999999,-73.9863168,42
-73.9811289,40.7795117,2
40.79706849999999,-73.949676,20
40.7573799,-73.9666835,30
40.7748211,-73.9844208,12
-73.97171879999999,40.776788,42
40.6667568,-73.83588309999999,2
40.73924299999999,-73.999185,6
-73.9320202,40.7385315,2
40.7578527,-73.9930905,12
40.7671906,-73.96247989999999,2
40.7465336,-73.9859529,20
40.7289946,-74.0093713,6
40.7236548,-73.9852944,12
-73.86259679999999,40.7455978,2
-73.9255804,40.7016839,2
-73.999895,40.7241485,2
40.7208068,-73.9976755,20
40.7525065,-73.9648627,56
-73.9757001,40.736518,2
40.7352395,-73.9212929,182
40.7251936,-73.98704719999999,2
40.7312538,-73.9903946,12
40.7509088,-73.98069079999999,6
40.7057987,-74.01510449999999,240
40.75326949999999,-73.9666651,20
40.7263015,-74.0056972,462
-73.96704360000001,40.768646,2
40.7567887,-73.9927181,2
40.7667171,-73.9671748,2
40.73735689999999,-73.99687229999999,42
-73.9440661,40.7828537,42
40.8490413,-73.9410867,2
40.7859844,-73.9571713,2
40.7462889,-73.9740873,930
-74.0123189,40.7065399,2
40.691347,-73.9982321,2
40.7381335,-74.0041463,2
40.7540943,-73.9783245,6
40.6426037,-73.7891784,20
40.7788147,-73.9479724,2
40.6664655,-73.7939171,56
40.7365646,-73.989071,132
-73.9745729,40.7812568,6
40.7279634,-73.9881305,6
40.717581,-73.98583839999999,1560
-74.01664869999999,40.70773459999999,2
40.7463913,-73.9817686,306
40.7901944,-73.9769269,2
40.749426,-73.93644309999999,12
40.75170019999999,-73.9864051,2
40.732017,-73.982069,2
40.7885802,-73.9552791,272
40.756034,-73.9869451,42
40.7571306,-73.9719638,12
40.730644,-73.9830695,30
40.8139122,-73.961958,2
40.7209627,-73.9938724,2
40.741981,-73.9464213,2
-73.9536771,40.7885802,42
40.747765,-73.9683616,156
40.74885949999999,-73.9758557,2
40.7784826,-73.94523579999999,2
-73.874186,40.7665344,6
40.7691234,-73.95504559999999,2
40.755373,-73.987447,20
40.7713461,-73.9937273,2
40.7584248,-73.9926409,20
-74.0000828,40.7338431,2
-73.9905199,40.747893,2
40.7547891,-73.979941,12
40.7108625,-73.99224269999999,2
40.7416676,-73.9542183,2
-73.99049219999999,40.7311726,2
40.7366609,-73.9973661,30
-73.98583839999999,40.70955430000001,20
40.7109184,-73.9801446,30
40.7511065,-73.97123429999999,2
40.7182123,-73.8636272,6
-73.9294595,40.7694573,6
40.7940591,-73.9703639,20
-73.8641538,40.7536329,6
40.7559504,-73.99072319999999,30
40.7091466,-74.0105538,2
-73.94610449999999,40.7150211,2
40.7628086,-73.965688,20
40.7570669,-73.96983949999999,12
-73.9703639,40.7872316,6
-73.95144359999999,40.7411891,42
-73.9769568,40.7763174,2
-73.83680989999999,40.7455978,2
40.75961969999999,-73.9619668,2
-73.9164868,40.7707757,2
40.8016665,-73.9685635,2
-73.9847459,40.7559848,2
40.747705,-73.98076549999999,20
40.7217521,-73.999895,12
40.7452945,-73.9984857,110
-73.9728753,40.7024376,2
40.7594242,-73.9851254,2
40.777546,-73.95701269999999,2
40.7434215,-73.9998422,6
-73.8237661,40.8263402,2
40.7346736,-73.9945869,2
40.74820190000001,-74.0076654,156
-73.8763484,40.7687341,2
40.75534770000001,-73.9754202,6
-73.824384,40.7973967,2
40.7552739,-73.9752571,110
40.754707,-73.991633,56
40.6622577,-73.98889249999999,2
-73.7971918,40.645098,56
-73.97212209999999,40.768646,6
40.75329000000001,-73.9068996,2
40.7181661,-73.9938466,2
-73.9320202,40.7545383,930
40.6984465,-73.983049,2
40.6934527,-73.9659135,2
40.7879037,-73.9536771,42
40.7715404,-73.8715459,1056
-73.965688,40.71882069999999,2
40.6901903,-74.1841199,2
40.6432996,-73.97417039999999,2
40.7447606,-73.995173,42
40.759166,-73.976748,72
40.6446145,-73.7970112,240
40.74711569999999,-73.9814401,12
40.7614857,-73.9606064,6
40.6960105,-73.96486089999999,6
40.76474779999999,-73.96636939999999,20
40.73694649999999,-73.9845345,2
40.750622,-73.9435105,42
40.7394891,-73.9847459,12
40.721831,-74.0052664,2
-73.9739165,40.7015083,2
40.719097,-73.9902796,2
-73.96933969999999,40.7815196,2
-73.9846238,40.7101906,2
40.7272618,-73.9826618,2
40.7628293,-73.9339634,2
40.742811,-73.99658,6
40.6970006,-73.935293,6
40.7297528,-73.9868166,6
40.6352375,-74.016978,20
40.7174514,-73.94874279999999,2
40.7485077,-73.9887129,132
-73.9887129,40.7455978,2
40.6447796,-73.7971918,650
40.7228298,-73.9931737,2
40.7111237,-74.0146713,6
40.7322455,-73.9963803,30
-73.98008039999999,40.78404,2
-73.97492249999999,40.73112709999999,6
40.7016832,-74.0116712,20
-73.9447555,40.71351740000001,2
40.7829278,-73.9441212,132
40.7635447,-73.9851925,12
-73.94934169999999,40.7828537,20
40.64677810000001,-73.78219179999999,2
40.7597364,-73.9610436,110
40.78404,-73.98513319999999,90
40.7200577,-73.9928609,56
-73.9196151,40.801748,2
40.7516941,-73.9336659,2
40.7241246,-73.9909592,380
-73.9984185,40.7480058,12
40.7778523,-73.9819586,42
40.7488023,-73.9697041,182
40.7082024,-74.0065449,2
40.7662157,-73.9795496,2
-73.9627152,40.7865014,2
40.845286,-73.9278227,12
40.7301806,-74.0413298,2
40.7729586,-73.9582543,6
40.713256,-73.9982496,2
40.6630799,-73.7886346,56
40.77955439999999,-73.9880168,2
40.827971,-73.8443001,2
-73.960424,40.7188621,2
40.7296725,-73.97222,42
40.736518,-73.98896169999999,42
40.7909391,-73.9491671,2
-73.8761312,40.7552637,42
40.77731310000001,-73.9826028,6
40.7337128,-74.00276269999999,12
40.7232838,-73.9825451,2
-73.9722144,40.6891403,6
-73.95325,40.7652837,20
40.776788,-73.9632319,342
40.7354132,-73.9526935,2
-73.98573710000001,40.7204095,2
40.71502599999999,-73.95178640000002,6
-73.9973176,40.7559048,2
40.8467703,-73.94307719999999,30
40.7561475,-73.98316299999999,12
40.7464045,-74.0051253,30
40.7438203,-73.9795001,2
40.752895,-73.989243,6
40.7882091,-73.978381,2
40.7701144,-73.8666925,56
40.7411891,-73.95220379999999,72
40.755252,-73.998659,2
-73.97300419999999,40.7683147,6
40.760986,-73.9640513,20
40.746649,-73.99006709999999,6
-73.9422488,40.7717709,2
40.8187492,-73.9610747,2
40.7140678,-73.9528516,2
-73.9907223,40.7426685,2
40.7338431,-74.0012359,12
40.71436370000001,-74.00837589999999,2
40.747766,-73.98504630000001,6
40.7133832,-73.8240295,20
-73.99110139999999,40.7535154,2
40.7284133,-73.9756787,20
40.7616179,-73.9903167,12
40.7223203,-73.986252,6
40.75219,-73.993464,90
40.7024346,-74.0128434,12
40.7489478,-73.9373169,2
40.7871537,-73.9832588,2
40.7259213,-73.9946459,2
-73.99096229999999,40.73735689999999,2
-73.94926699999999,40.7416839,2
40.7537166,-73.9774379,2
40.7694424,-73.95184689999999,2
40.7585393,-73.988826,42
40.8254669,-73.86077,2
40.7260554,-74.0099613,2
40.7375374,-73.9840914,2
40.7686881,-73.9055344,12
-73.9665923,40.7606092,2
40.7465055,-74.0013705,30
40.7997184,-73.9699692,2
40.76013469999999,-73.9848652,2
40.7497295,-73.9836386,30
40.75348350000001,-73.97878709999999,6
40.7850562,-73.98283479999999,20
-73.9847724,40.7496747,2
40.8026582,-73.9325561,2
-73.9923115,40.7548529,2
40.6466353,-73.77879639999999,56
40.754579,-74.0068768,2
40.7518878,-73.9673838,12
40.7906304,-73.94243399999999,2
-73.8715459,40.7586253,2
-73.9707794,40.7463913,2
40.6896809,-73.9923561,6
40.7621849,-73.96613339999999,20
-73.9128506,40.77147739999999,2
40.71351740000001,-73.824384,272
-73.9841244,40.7485077,2
40.7247667,-73.9941645,2
-73.9791521,40.75413,6
40.7501089,-74.00619549999999,6
40.7947131,-73.9718923,2
40.7240949,-73.9927,156
40.6958738,-73.9822429,2
40.761518,-73.99784509999999,2
40.7016839,-73.9614663,20
40.74410719999999,-73.9763734,2
40.7923223,-73.9242084,182
-74.00876559999999,40.7426106,6
40.7533142,-73.972574,2
40.77428030000001,-73.9572748,90
40.76672000000001,-73.98287499999999,56
40.7434905,-73.9768253,6
40.7523203,-73.9859651,30
40.7703632,-73.9164868,12
-73.87171719999999,40.719544,6
-73.976744,40.7551865,6
40.7571135,-73.9973176,30
40.7438532,-73.97159769999999,6
-74.0167699,40.7065399,2
40.785877,-73.9509341,42
40.7830365,-73.9440461,2
40.7313396,-73.9825657,90
40.7103972,-73.96134769999999,12
40.7715471,-73.994224,30
40.7425772,-73.9804096,20
40.723561,-74.0076528,90
40.7856466,-73.9842728,90
-73.894821,40.7100294,2
40.732328,-74.0036367,6
40.7973967,-73.9291236,380
40.7370737,-73.9320202,1482
40.7460245,-73.9905199,56
-73.97720410000001,40.7647383,12
-73.9931345,40.7222848,2
40.8049741,-73.9110535,2
40.7491024,-73.98825579999999,20
40.7627665,-73.9969268,6
40.7697508,-73.95458959999999,6
40.73323080000001,-74.002493,2
40.7721142,-73.8776104,2
40.75892280000001,-73.9996992,12
-73.8890241,40.7476287,42
40.7788867,-73.9602326,6
40.7515107,-73.99395249999999,2
40.7712306,-73.8660099,6
40.771453,-73.918954,6
-73.9712074,40.7665344,2
-74.0098675,40.70319,2
40.7210969,-73.9745729,272
-73.98583839999999,40.7189346,42
40.7446813,-73.9873061,2
-73.98798409999999,40.7421076,2
40.76223590000001,-73.9898651,6
40.7689007,-73.9068881,6
40.7409463,-74.00538780000001,6
40.7727134,-73.8767762,2
-73.7876313,40.7832132,2
-73.824384,40.7456737,2
40.7742987,-73.9773788,2
-73.97300419999999,40.7591407,6
40.767536,-73.95325,20
-73.824384,40.7100294,6
-73.97320169999999,40.7412774,2
-73.78536749999999,40.71351740000001,2
40.7503293,-73.99110139999999,90
40.74113819999999,-73.8374168,240
-74.0033323,40.7086738,6
40.6889079,-73.98089039999999,20
40.7497157,-73.937859,12
40.6959467,-73.9845715,6
40.7365839,-73.9818317,6
40.767812,-73.962014,20
40.7564442,-73.9702915,30
-73.96418849999999,40.7916755,2
40.8021005,-73.9340496,6
40.720075,-74.01016249999999,12
40.7684586,-73.88810400000001,2
40.7294093,-73.9780283,20
40.7611871,-73.95785939999999,56
-73.97320169999999,40.7412788,20
40.76921230000001,-73.9847724,552
-73.8362186,40.8493755,2
-73.9488241,40.7885802,2
40.7414575,-73.8425623,240
40.8021093,-73.91646089999999,6
40.740716,-73.8993612,2
40.722426,-73.9861889,12
40.7274857,-73.9915045,2
40.75799809999999,-73.96624150000001,2
40.7159175,-73.9993322,2
-73.9747442,40.7392054,2
40.7681668,-73.9527859,6
40.74126870000001,-73.97534019999999,12
40.7730089,-73.9623131,2
-73.9751248,40.75918240000001,2
-73.9669722,40.7977328,2
40.714636,-73.9570404,2
40.7677418,-73.9811182,2
-73.9891367,40.7423132,6
40.7637234,-73.9620604,2
40.7354336,-73.9751248,870
40.7107831,-73.95994329999999,6
40.71353999999999,-73.9986333,30
40.8379996,-73.8731442,2
40.7250371,-73.99536069999999,110
40.7610528,-73.9754027,2
40.7590031,-73.97250609999999,6
40.7365117,-74.0011067,6
40.7629724,-73.9819048,6
40.753554,-73.98504299999999,42
40.7368694,-73.9785366,210
40.7224331,-73.9871706,2
40.7818015,-73.9811689,6
40.768023,-73.9702744,930
-73.9552791,40.7386518,2
-73.874186,40.8010791,2
-73.993464,40.7641748,2
40.716588,-74.0083807,2
40.7616616,-73.9865631,12
-73.95293889999999,40.7241246,6
-73.8641538,40.7973967,6
40.7258346,-73.97754239999999,6
-73.9982387,40.7241485,2
40.7401577,-73.9863155,6
40.7514865,-73.967891,110
40.7845194,-73.9793931,2
40.7368739,-74.0055605,110
40.7140204,-73.9974294,6
40.710383,-74.01117959999999,6
-73.8697153,40.7661515,110
40.7194331,-73.9944314,2
-73.9785366,40.7354336,110
40.70480329999999,-74.0149884,2
40.7802207,-73.96137279999999,2
-73.8715459,40.7647383,2
40.76609089999999,-73.96958939999999,56
40.7372245,-74.0006804,2
40.8010791,-73.9294595,210
40.7421744,-74.0045361,20
-74.00211449999999,40.7240949,6
40.7646884,-73.9917938,12
40.7184033,-74.0052232,110
40.746293,-73.9747442,1056
40.7642956,-73.9556182,6
40.7491122,-73.98406740000001,30
40.7141402,-73.95293889999999,380
40.7491528,-73.9726974,2
40.7098509,-73.9609536,210
40.7345258,-73.9922895,2
40.753497,-73.96324539999999,12
40.73658,-74.0011456,6
40.74888809999999,-73.9374553,2
40.771783,-73.96544180000001,72
40.7019821,-74.0096958,2
40.7730268,-73.9783063,2
40.5991408,-73.9107509,2
40.7463827,-73.9776553,20
40.7710625,-73.9637322,6
40.759578,-73.9680303,2
-73.9821527,40.7717916,6
40.7641748,-73.9847444,2
-73.9845715,40.7159842,6
40.742765,-73.986598,6
40.7826266,-73.951197,2
40.7802256,-73.9573002,12
40.7565386,-73.9940357,30
-73.9610606,40.7386518,30
40.7217846,-73.9846238,20
40.7285778,-73.9876805,12
40.7441722,-73.99186739999999,2
40.7763174,-73.9621299,156
40.70701409999999,-73.9613866,12
40.7679231,-73.9857202,110
40.7507482,-73.9684245,2
40.7707439,-73.9947023,12
-73.9830695,40.7325835,12
40.7412155,-73.9539152,2
-74.00996959999999,40.710383,2
40.7216218,-74.0070693,2
-73.99118589999999,40.728308,2
40.6460887,-73.78063990000001,6
40.7079605,-74.0080134,2
40.7523612,-73.9703183,12
-73.99095969999999,40.7417987,2
40.7585878,-73.985085,20
40.7801179,-73.95300689999999,2
40.7787927,-73.9820623,2
40.6752663,-74.0008387,182
40.7349837,-73.8366542,2
-73.992803,40.7460519,2
40.7798176,-73.9844937,2
-73.98835749999999,40.7198016,6
40.7398526,-73.9950216,2
-73.9922319,40.7328437,6
-73.8374168,40.7476287,2
40.7452406,-73.9847924,6
40.723729,-74.00595489999999,12
40.7502562,-73.9791521,12
40.7359156,-74.0007427,2
40.7336342,-73.99955109999999,12
40.7729806,-73.8701646,306
-73.97320169999999,40.7583062,2
40.64510569999999,-73.791983,12
-73.98583839999999,40.6970006,2
40.7642247,-73.9809935,20
40.6552741,-74.0104913,2
-73.978741,40.7679688,20
40.7060539,-74.0146632,20
40.7671854,-73.8878977,2
40.7509125,-73.94067590000002,20
-74.0054243,40.7294753,2
40.7531083,-73.9778774,2
40.7604194,-73.97584669999999,2
40.7579537,-73.98552099999999,20
40.7476287,-73.976744,342
40.8196941,-73.9602015,2
40.762915,-73.985647,12
40.7596329,-73.95815449999999,600
40.774959,-73.95888939999999,20
40.7511203,-73.94520899999999,30
40.7631296,-74.0094858,6
-73.94610449999999,40.7196104,2
40.70773459999999,-74.0158055,12
40.7155085,-73.9518657,6
40.7980416,-73.9600487,12
40.7545885,-73.9991517,30
40.7295146,-73.98991960000001,2
-73.9927,40.717581,6
40.7552283,-73.9618807,20
-73.78536749999999,40.64677810000001,2
40.7496747,-73.9952986,20
40.714072,-73.95434,30
40.7658311,-73.9634675,12
40.7426106,-74.0079027,156
40.7145192,-73.9576052,2
40.7219188,-73.985568,2
40.7324269,-74.0102769,2
40.7228407,-73.9885613,210
40.67465720000001,-73.9702524,2
-73.9955793,40.7322213,2
40.7339987,-74.0045951,12
40.719544,-73.859129,6
40.7186571,-74.008819,2
40.7705238,-73.9820179,6
40.7508891,-73.9787203,2
40.7145826,-73.992925,6
40.8455034,-73.94364709999999,20
-74.0103168,40.7423534,2
-73.95293889999999,40.7320882,6
40.77552379999999,-73.9822674,2
40.7965253,-73.9741203,6
-73.918954,40.7977328,2
40.7845881,-73.9419392,30
40.7680297,-73.9059243,2
-73.97694469999999,40.824345,2
40.74764,-73.9707273,342
40.8110347,-73.9669165,30
40.7309723,-73.9740439,20
40.7483238,-73.98031089999999,6
40.7713212,-73.8765517,2
40.77384319999999,-73.9821158,2
-73.94774819999999,40.747765,12
40.7609779,-73.97134419999999,6
-73.99578699999999,40.69929459999999,2
-73.9889855,40.7141402,12
40.7015205,-74.0124732,2
40.7558224,-73.98643969999999,6
40.7623979,-73.9785983,42
40.7735046,-73.8703872,56
40.7741641,-73.9848426,156
-73.9657882,40.7455978,30
40.74796509999999,-73.97054899999999,132
40.756132,-73.967607,20
40.74084999999999,-74.0051793,72
40.6674557,-73.9962631,30
40.6451445,-73.77936729999999,2
40.7698992,-73.98055699999999,2
-73.9787927,40.7455978,2
40.8256349,-73.8594197,2
40.7653068,-73.9638425,30
40.7378311,-73.935704,2
40.6680752,-73.840063,2
40.7550018,-73.9951569,2
40.7826976,-73.9532527,2
40.77529920000001,-73.9536403,2
40.7625874,-74.0260235,2
40.7794356,-73.94750189999999,2
-73.9756979,40.7509088,2
40.7215509,-73.9978136,6
40.7609254,-73.9691296,30
-73.9528516,40.7122307,2
40.7310465,-73.9996201,12
40.7081159,-74.01664869999999,12
40.76424249999999,-73.99211249999999,2
40.7688521,-73.9109299,2
40.782032,-73.97171879999999,1190
40.7143881,-74.01343059999999,42
-73.7878041,40.6447796,42
-73.9790653,40.7656852,2
40.7795451,-73.9597859,2
40.779466,-73.9576127,2
40.7961459,-73.9752951,110
40.770312,-73.9913902,56
-73.9525347,40.7412774,20
40.7888937,-73.9778589,12
40.7535154,-73.98878289999999,20
40.714075,-73.9516455,2
40.7859681,-73.9844991,2
40.7753849,-73.98772629999999,12
40.7420182,-73.98292219999999,6
40.7143549,-73.9925521,2
40.7314123,-73.99698479999999,6
40.78246499999999,-73.97882299999999,6
-73.77879639999999,40.6664655,6
40.7667574,-73.9711741,20
40.7035905,-74.0144071,2
40.7475435,-73.98835609999999,2
-73.8762977,40.6667568,2
40.7425226,-73.9492331,2
40.7313463,-73.97401839999999,2
40.7408749,-73.9521433,12
40.7325739,-73.9214002,56
-74.0076528,40.7231915,2
40.7311726,-73.9919268,20
-73.9068881,40.7460519,2
40.8101841,-73.9511782,6
40.7214228,-73.9838661,20
-73.97212209999999,40.7462889,2
-73.9928609,40.717581,30
-73.8715459,40.7455978,42
40.7336421,-74.00260469999999,2
-73.91921549999999,40.7723377,72
-73.7912529,40.6466353,2
40.754091,-73.99207899999999,12
40.754728,-73.97786649999999,6
40.738544,-73.9996924,2
40.7490539,-73.9957485,20
40.7147527,-73.9527631,2
40.7482921,-73.9882063,2
40.7508261,-73.9785728,342
40.7642173,-73.9709553,6
40.7387795,-73.97715509999999,2
-73.94940299999999,40.799482,2
40.6673889,-73.77488389999999,2
-73.976744,40.7721696,2
40.7222908,-73.9801741,2
-73.98583839999999,40.7101906,56
40.7445756,-73.9832431,12
40.7111369,-74.0033323,132
-73.97320169999999,40.6994072,2
40.7237263,-73.9909967,6
40.8026778,-73.9333642,2
-74.00538780000001,40.7421185,2
40.7226311,-74.0063116,30
-74.0164491,40.7254954,2
-73.9944302,40.6448869,12
40.7524641,-73.9243029,12
40.71563,-73.99578699999999,6
40.72826389999999,-74.002879,42
40.8162696,-73.9634538,20
40.7406271,-73.9757994,2
40.7493043,-73.9366158,2
40.6962731,-73.9888347,6
40.7494912,-73.9754028,12
40.6831148,-73.9767603,2
40.7507873,-73.8971968,2
40.7756932,-73.96060469999999,20
40.7645788,-73.9736392,6
-74.0083807,40.718295,2
40.7717709,-73.8697153,306
40.7883739,-73.97663430000001,6
40.8071908,-73.9242288,2
40.68372249999999,-73.978681,2
40.74535669999999,-74.0081378,2
-73.9952986,40.7509146,6
40.7046431,-74.0142534,6
40.8263402,-73.8362186,12
40.7428904,-73.992803,240
-73.94307719999999,40.8490413,2
40.7127861,-73.95511979999999,20
-73.8890241,40.7721696,6
40.7100294,-73.960424,650
40.7876263,-73.9769984,2
40.7849701,-73.94095999999999,30
40.6448869,-73.9744771,12
40.784479,-73.9773854,72
40.80184029999999,-73.9610673,6
40.661563,-73.7912529,56
40.741169,-73.845502,2
40.698677,-73.95884,2
40.747235,-73.993359,2
-73.9909592,40.7320882,2
40.7722554,-73.98228759999999,2
40.7431796,-73.97211399999999,30
40.7332923,-73.9933363,2
40.76989349999999,-73.9278006,2
40.7973135,-73.9293046,156
40.7952668,-73.97321629999999,132
40.77622,-73.975955,90
-73.961978,40.69929459999999,2
40.735798,-74.00155509999999,2
40.7306034,-73.9906266,56
40.7775649,-73.959002,2
40.7231324,-74.00622229999999,6
-73.7912529,40.6717008,2
-73.9951059,40.7586653,2
40.7546267,-73.9757001,156
40.7767274,-73.9792937,6
-73.7939171,40.6461633,2
40.7168804,-74.0040204,2
40.7679996,-73.9814639,6
-73.97320169999999,40.7661515,6
40.7659808,-73.9654396,6
40.7386518,-73.9732499,756
-73.91921549999999,40.7701144,6
40.7640606,-73.964789,20
40.7586615,-73.9597004,6
40.784316,-73.9471427,12
40.7715689,-73.8752585,1406
40.7743664,-73.9635517,2
40.79553569999999,-73.9760405,30
-74.0096628,40.7423534,2
-73.9167993,40.8256349,2
-73.97320169999999,40.7381071,2
40.7643304,-73.9772046,20
40.7378766,-73.980914,56
40.7368297,-73.93159849999999,2
40.7552491,-73.973276,6
40.7066873,-74.0162055,156
40.7999961,-73.94485279999999,6
40.73820569999999,-73.9856676,2
40.77930449999999,-73.9811289,2
40.7339733,-73.9866954,12
40.745044,-73.9786009,56
40.7591625,-73.988378,12
-73.9697041,40.7442553,156
40.7708416,-73.8669084,56
40.7480058,-73.9684686,132
40.7200476,-73.98835749999999,132
40.74868439999999,-73.8961095,2
40.773987,-73.9485581,2
40.7659432,-73.90370589999999,12
-73.9844268,40.7241833,2
40.7215366,-73.9838044,12
40.6921742,-73.98911919999999,72
40.7863756,-73.9759911,2
-73.9541591,40.7812568,2
40.7640034,-73.95488139999999,2
40.7423993,-73.95996149999999,6
40.7187638,-73.9751221,20
-73.9621299,40.7769576,6
40.7522877,-73.98970589999999,6
-74.0009644,40.7576834,12
40.7690347,-73.9923529,2
40.7507692,-73.97446699999999,56
40.7476796,-73.9787927,6
40.7576834,-74.0005904,56
-73.92253339999999,40.7687341,30
40.7397433,-74.0025294,72
40.7118378,-73.96598569999999,12
40.7549603,-73.9764902,2
40.7019252,-74.0098675,20
40.743083,-73.9723018,132
-74.01489,40.7066873,12
-73.97477479999999,40.7210969,210
40.7282967,-73.97161659999999,2
40.7466162,-73.99384069999999,2
40.73533949999999,-73.9748453,12
40.7771577,-73.9821965,2
40.7432476,-73.9820074,2
40.7520251,-74.00475410000001,2
40.7635873,-73.9714133,6
-73.9172572,40.7320882,2
40.7150211,-73.9427687,6
-73.94095999999999,40.7133832,2
40.6804423,-74.0032341,12
40.7563822,-73.9949785,2
-73.9224261,40.8009073,72
40.7832635,-73.950735,2
40.750272,-73.98114319999999,20
40.7432,-73.9512719,6
40.73600440000001,-73.993644,2
-73.9792078,40.7673436,6
40.7671441,-73.98176029999999,2
40.7284285,-73.9942583,6
40.7380268,-73.9963437,30
40.7413335,-73.9813051,20
40.7834505,-73.9452055,2
-73.95293889999999,40.717386,2
40.7623476,-73.982354,20
40.7598896,-73.98044209999999,20
40.7385651,-73.9348206,2
40.7196104,-73.9439044,20
40.7695395,-73.9128506,20
-73.8912251,40.7470175,6
-73.98911919999999,40.743083,6
-73.8988079,40.7661515,56
-74.0052232,40.71707139999999,2
40.798654,-73.961478,2
-73.8443001,40.82851489999999,2
40.6849194,-73.9780672,2
-73.95293889999999,40.7703632,2
40.7713883,-73.9504299,20
-73.9747442,40.7455978,2
-73.9637536,40.782032,6
40.7428112,-73.98864569999999,6
-73.94067590000002,40.7606335,6
40.7420975,-74.00876559999999,156
40.7460215,-73.9767985,72
40.7278279,-74.00309759999999,2
-73.92911819999999,40.8049691,2
-73.9941819,40.7488023,2
40.7678545,-73.9640594,2
-73.9509341,40.798214,2
40.759306,-73.9652891,6
40.7732152,-73.8761312,156
40.81766289999999,-73.9610598,30
40.7510047,-74.0388145,2
40.6667091,-73.99630499999999,2
40.8005906,-73.9585018,2
40.745418,-73.99096229999999,12
40.6466193,-73.7811846,110
40.6354534,-74.0167699,6
40.7398254,-73.9728959,552
40.7421076,-73.985049,6
-73.8862096,40.7455978,6
-74.01343059999999,40.7127415,12
40.7958265,-73.97694469999999,20
-73.99117700000001,40.7529461,6
40.746309,-73.9716863,2
40.771739,-73.961244,2
40.7736478,-73.959857,6
-73.99400810000002,40.72826389999999,6
40.7303991,-73.9803575,12
-73.935293,40.7101906,6
40.8064128,-73.9401492,2
40.7384806,-73.83680989999999,2
40.7528454,-73.94523459999999,42
40.7360172,-73.997813,2
-73.96674159999999,40.75326949999999,6
40.7659456,-73.9908983,20
40.7387544,-74.0055397,2
40.7820209,-73.951657,6
40.7104879,-73.96548469999999,2
40.7408681,-73.98798409999999,42
40.6993957,-73.95336209999999,20
-73.8476513,40.7622939,2
40.7206605,-73.9813583,2
40.7796112,-73.9444108,6
-73.92929389999999,40.8021093,2
40.7698492,-73.96685599999999,12
40.7446267,-73.9485232,2
-73.9684953,40.7098509,2
40.824345,-73.83606569999999,12
-73.9572748,40.77622,2
40.769788,-73.9880647,2
-73.94949319999999,40.7460519,2
40.6916991,-73.999477,2
-74.01600839999999,40.7046431,2
40.69611039999999,-73.98467649999999,2
-74.011175,40.7016832,2
40.739881,-73.99871300000001,30
40.744009,-73.999422,6
40.8456565,-73.9434915,2
-73.9698114,40.7596329,2
-73.9698114,40.7759275,2
40.7622891,-73.9861066,6
40.743095,-73.974015,2
40.7634827,-73.9889542,6
40.7685086,-73.906707,110
40.7143859,-74.0101409,2
40.7606092,-73.96432779999999,56
-74.0051709,40.7447606,6
40.7586456,-73.9813552,12
40.7531994,-73.9467564,2
40.7440961,-73.99566519999999,2
40.70741719999999,-74.0040953,56
40.77563689999999,-73.962623,6
-73.9902144,40.7228407,6
40.7702942,-73.94774819999999,90
40.7935579,-73.9670379,20
40.7103248,-74.00958419999999,6
-74.0025294,40.7386518,2
-73.8935003,40.7462889,2
40.71148609999999,-74.010468,6
-74.00595489999999,40.723561,2
40.70955430000001,-73.9588629,20
40.753474,-73.992528,12
40.7775452,-73.9749901,2
40.7230256,-73.9968473,2
40.7435581,-73.9923115,42
40.7162848,-74.0045363,2
40.7164015,-73.9757296,30
40.772877,-73.876783,2
-74.0066488,40.7488675,2
40.7101906,-73.9613719,210
40.7466704,-73.9744801,12
-73.8313012,40.6446145,72
40.716756,-73.96340219999999,6
40.7262415,-74.00373379999999,2
-73.9889855,40.7098509,42
-74.0051253,40.7416056,6
40.71882069999999,-73.97477479999999,272
40.7470002,-73.9756979,506
-73.8655928,40.7552637,12
40.63696729999999,-74.0196445,20
-73.93991299999999,40.6461633,2
40.7140635,-73.9535066,12
40.6933458,-73.9992568,2
-73.96441879999999,40.7879123,210
-73.8425623,40.6464038,2
40.7668893,-73.9790653,42
40.718295,-74.00711489999999,20
40.7760314,-73.9872557,6
-73.9446248,40.7348096,2
40.7450385,-73.9725582,2
40.7536329,-73.9694279,132
40.7788161,-73.9539643,6
40.7163477,-73.9963801,72
