"Medallion","PickupTime","DropOffTime","Passengers","Distance","latlngList"
"723CF4D42C953299AF3FA8C6EADCF98B","2013-01-13 00:16:00","2013-01-13 00:19:00","1","0.7","-73.97583,40.776393,-73.975461,40.776899,-73.974997,40.777533,-73.974532,40.778168,-73.974067,40.778805,-73.973571,40.779478,-73.972442,40.781052,-73.971734,40.782037,-73.971656,40.782135,-73.971257,40.782717,-73.970791,40.78335,-73.970329,40.783979,-73.969859,40.784611,-73.9697,40.784826,"
"547A587F87B4F26DBE2FC633A804BEF0","2013-01-13 08:31:00","2013-01-13 08:40:00","1","2.23","-73.975025,40.765161,-73.976234,40.765675,-73.978985,40.766837,-73.979076,40.766876,-73.979532,40.766213,-73.980036,40.765521,-73.980531,40.764839,-73.980984,40.764219,-73.981441,40.763584,-73.981897,40.762965,-73.982826,40.763355,-73.984741,40.76416,-73.987524,40.765329,-73.987585,40.765354,-73.990425,40.766548,-73.99133,40.766928,-73.991578,40.767034,-73.993263,40.76774,-73.993722,40.767105,-73.994173,40.766505,-73.994649,40.765863,-73.995096,40.765238,-73.995217,40.765073,-73.995545,40.764631,-73.996005,40.764004,-73.996457,40.763378,-73.996925,40.76275,-73.997384,40.762122,-73.997845,40.761505,-73.998329,40.760828,-73.998804,40.760149,-73.999264,40.759517,-73.999538,40.759158,"
"3B717A933CECBF798747875BA9706276","2013-01-13 00:00:00","2013-01-13 00:18:00","1","4.5","-73.995419,40.733532,-73.995489,40.733437,-73.993814,40.732731,-73.99146,40.731738,-73.99039,40.731289,-73.989053,40.730724,-73.988626,40.73131,-73.98815,40.731964,-73.987683,40.732604,-73.987191,40.73328,-73.987182,40.733293,-73.986682,40.733979,-73.986216,40.734619,-73.985788,40.735206,-73.985362,40.735791,-73.984935,40.736377,-73.984509,40.736962,-73.984086,40.737543,-73.983633,40.738165,-73.983148,40.738826,-73.980909,40.73788,-73.978651,40.73693,-73.978514,40.736873,-73.97642,40.735981,-73.976345,40.735949,-73.975141,40.735432,-73.974834,40.735305,-73.974773,40.735425,-73.974749,40.735538,-73.974808,40.735868,-73.974816,40.735938,-73.974824,40.736013,-73.974821,40.736185,-73.974794,40.736349,-73.974757,40.736478,-73.974702,40.736611,-73.974648,40.736735,-73.974579,40.736858,-73.97446,40.737045,-73.973911,40.737819,-73.973491,40.73843,-73.973319,40.738632,-73.973233,40.738762,-73.973096,40.738976,-73.973056,40.739423,-73.97291,40.739859,-73.972781,40.740308,-73.972649,40.740863,-73.972524,40.7414,-73.972335,40.742213,-73.972249,40.742486,-73.97212,40.742811,-73.972,40.743052,-73.971786,40.743416,-73.971314,40.744145,-73.971205,40.744303,-73.970649,40.745125,-73.970524,40.745289,-73.970299,40.745546,-73.969946,40.745889,-73.969619,40.746175,-73.969199,40.746546,-73.968873,40.74689,-73.968615,40.747177,-73.968298,40.74758,-73.967874,40.748114,-73.96494,40.751538,-73.963533,40.753086,-73.963333,40.753405,-73.963129,40.753639,-73.963009,40.753782,-73.962769,40.754062,-73.962538,40.75431,-73.962396,40.754489,-73.962193,40.754713,-73.961762,40.755155,-73.961578,40.755289,-73.960122,40.756734,-73.959121,40.758011,-73.958388,40.759055,-73.957991,40.759523,-73.957826,40.759691,-73.95761,40.759858,-73.957324,40.760066,-73.956542,40.760637,-73.956104,40.760904,-73.955821,40.761148,-73.954663,40.762188,-73.954098,40.762722,-73.953505,40.763385,-73.951949,40.765102,-73.950785,40.766434,-73.950287,40.767084,-73.94972,40.767715,-73.949025,40.768618,-73.947677,40.770074,-73.94754,40.770224,-73.946733,40.771075,-73.946536,40.771257,-73.946296,40.771465,-73.945658,40.771966,-73.944845,40.772694,-73.944699,40.772837,-73.944493,40.773064,-73.943446,40.774195,-73.943206,40.774449,-73.943068,40.774618,-73.942914,40.774845,-73.942794,40.77504,-73.942691,40.775274,-73.942596,40.775528,-73.942528,40.775801,-73.942493,40.776061,-73.942485,40.776308,-73.942502,40.776594,-73.942528,40.776815,-73.942579,40.777055,-73.942665,40.77738,-73.942845,40.777907,-73.942948,40.778199,-73.94318,40.778732,-73.943534,40.779476,-73.943662,40.779762,-73.943766,40.780028,-73.943869,40.780347,-73.943946,40.780633,-73.944014,40.780919,-73.943997,40.78127,-73.943997,40.78153,-73.943989,40.781673,-73.943972,40.781861,-73.943929,40.782056,-73.943851,40.782342,-73.943799,40.782617,-73.943779,40.78273,-73.943789,40.782856,-73.944052,40.782967,-73.944721,40.783249,-73.947067,40.784239,-73.947603,40.783546,-73.948037,40.782944,-73.948505,40.782311,-73.948968,40.78168,-73.949421,40.781059,-73.949881,40.780435,-73.950337,40.779809,-73.952573,40.780753,-73.954176,40.781429,-73.955652,40.782052,-73.955902,40.782158,-73.957404,40.782792,-73.957091,40.783218,"
"491F5D3140017AB5E8AD71DA8A3994F1","2013-01-13 11:50:00","2013-01-13 00:20:00","5","11.21","-73.97348,40.755329,-73.973276,40.755243,-73.973752,40.754596,-73.97419,40.753994,-73.974648,40.753367,-73.975102,40.752741,-73.975558,40.752116,-73.97604,40.751437,-73.974457,40.750756,-73.973497,40.750349,-73.972216,40.749806,-73.972692,40.749157,-73.973144,40.748534,-73.973591,40.74792,-73.974044,40.747296,-73.974485,40.74667,-73.974534,40.746602,-73.974692,40.746388,-73.974725,40.746342,-73.974721,40.746293,-73.97471,40.746254,-73.974689,40.746219,-73.97466,40.746178,-73.974619,40.746141,-73.974277,40.745997,-73.973676,40.745757,-73.973482,40.745678,-73.973308,40.74562,-73.973019,40.745591,-73.972881,40.74559,-73.972767,40.745597,-73.972662,40.745609,-73.972444,40.745647,-73.97219,40.745711,-73.971901,40.745896,-73.971695,40.746078,-73.971506,40.746312,-73.970974,40.747027,-73.970717,40.747268,-73.970416,40.747456,-73.970133,40.747587,-73.969712,40.747717,-73.969232,40.747801,-73.968897,40.747801,-73.968537,40.747762,-73.96809,40.747658,-73.967713,40.747515,-73.967206,40.747222,-73.95973,40.742475,-73.959232,40.742189,-73.958666,40.741994,-73.958101,40.741892,-73.956634,40.7416,-73.955955,40.741483,-73.955447,40.741396,-73.954932,40.741357,-73.954069,40.741426,-73.952602,40.741275,-73.952418,40.741258,-73.952147,40.741269,-73.951681,40.741344,-73.951466,40.741382,-73.950672,40.741543,-73.950468,40.741572,-73.950099,40.741601,-73.949633,40.741593,-73.949403,40.741568,-73.949242,40.741537,-73.947484,40.741203,-73.945716,40.74085,-73.945228,40.740744,-73.944809,40.740633,-73.944371,40.740489,-73.943906,40.740315,-73.942431,40.739702,-73.940081,40.738704,-73.939531,40.738485,-73.93904,40.738315,-73.938584,40.738183,-73.938048,40.738056,-73.937535,40.737951,-73.936918,40.737857,-73.936505,40.737803,-73.935952,40.737741,-73.935668,40.737701,-73.935364,40.737653,-73.933887,40.737359,-73.93208,40.737057,-73.930501,40.736792,-73.929806,40.736669,-73.926038,40.735927,-73.925523,40.735804,-73.925008,40.735648,-73.924544,40.735485,-73.924012,40.73527,-73.923463,40.735018,-73.92313,40.734832,-73.922822,40.734643,-73.922475,40.734401,-73.921539,40.733687,-73.921236,40.733454,-73.92073,40.733064,-73.920384,40.732793,-73.919983,40.732496,-73.919536,40.732217,-73.919045,40.731944,-73.918568,40.73173,-73.918049,40.731544,-73.917561,40.731398,-73.916812,40.731196,-73.915998,40.730975,-73.915347,40.730787,-73.91477,40.730624,-73.914097,40.730441,-73.912294,40.729999,-73.911761,40.729857,-73.911232,40.729686,-73.910745,40.729488,-73.910262,40.729261,-73.909818,40.729009,-73.908522,40.728201,-73.908368,40.728106,-73.907369,40.72749,-73.907015,40.727287,-73.906413,40.726963,-73.90587,40.72671,-73.905312,40.726499,-73.904718,40.726314,-73.904123,40.726168,-73.903512,40.726062,-73.902252,40.72588,-73.900288,40.725713,-73.895386,40.725264,-73.894797,40.725218,-73.894219,40.725191,-73.89363,40.725198,-73.89303,40.725238,-73.892456,40.725319,-73.891874,40.725439,-73.891311,40.725592,-73.890781,40.725773,-73.890235,40.726006,-73.88976,40.726247,-73.888169,40.727198,-73.887812,40.727397,-73.887366,40.727621,-73.88704,40.727763,-73.886444,40.727973,-73.885774,40.728083,-73.885317,40.72815,-73.884566,40.728223,-73.883611,40.72828,-73.882195,40.72841,-73.881669,40.728442,-73.881089,40.728491,-73.880575,40.728564,-73.879856,40.728702,-73.879276,40.728881,-73.878783,40.729101,-73.878096,40.729426,-73.877517,40.72967,-73.876841,40.72993,-73.875843,40.730231,-73.873558,40.730938,-73.87286,40.731052,-73.87241,40.731117,-73.872082,40.731145,-73.871883,40.731145,-73.871701,40.731119,-73.871758,40.730878,-73.87168,40.730045,-73.871625,40.729726,-73.871493,40.729176,-73.871216,40.728325,-73.871079,40.727881,-73.870705,40.727012,-73.870295,40.726165,-73.869804,40.725107,-73.869373,40.724389,-73.868873,40.723788,-73.868587,40.723449,-73.868362,40.72321,-73.868263,40.72309,-73.86777,40.722612,-73.867474,40.722255,-73.867235,40.722019,-73.866713,40.721432,-73.86617,40.720834,-73.865636,40.720249,-73.865341,40.719942,-73.864768,40.719382,-73.864207,40.718773,-73.863713,40.718221,-73.863164,40.717623,-73.862569,40.71706,-73.861976,40.716505,-73.861366,40.715948,-73.860769,40.715398,-73.860187,40.714868,-73.860114,40.714775,-73.859875,40.71419,-73.859826,40.71397,-73.859827,40.713418,-73.859825,40.713308,-73.859821,40.712589,-73.859872,40.711864,-73.859896,40.711585,-73.859805,40.710613,-73.85975,40.710386,-73.859671,40.70988,-73.859593,40.70928,-73.859463,40.708545,-73.859331,40.707709,-73.859193,40.706911,-73.85906,40.706548,-73.858888,40.706207,-73.858304,40.705555,-73.857499,40.704976,-73.85685,40.704508,-73.856038,40.704037,-73.855738,40.703823,-73.855512,40.703557,-73.855445,40.703383,-73.855355,40.703133,-73.855356,40.702624,-73.855361,40.701806,-73.855373,40.701705,-73.855341,40.701335,-73.855184,40.701039,-73.854915,40.700756,-73.854645,40.70051,-73.854496,40.700336,-73.854072,40.699903,-73.853012,40.698485,-73.852867,40.698027,-73.852877,40.697554,-73.852886,40.696801,-73.852904,40.696121,-73.85278,40.695486,-73.852675,40.694805,-73.852494,40.694139,-73.852286,40.693652,-73.8516,40.692424,-73.851261,40.691828,-73.85094,40.691257,-73.850117,40.689814,-73.850242,40.689787,-73.84982,40.689099,-73.849397,40.688522,-73.849111,40.688152,-73.850606,40.687747,-73.851482,40.687495,-73.852339,40.687227,-73.853174,40.687,-73.854027,40.686764,-73.854867,40.686516,-73.855073,40.686459,-73.855705,40.686276,-73.856558,40.68603,-73.857259,40.685828,-73.857409,40.685786,-73.858243,40.685547,-73.858741,40.685412,-73.859616,40.685168,-73.860486,40.684919,-73.860852,40.684811,-73.860775,40.684681,-73.860188,40.683486,-73.861067,40.683235,-73.861945,40.682986,-73.862824,40.682736,-73.863201,40.683513,"
"8F0D4A95E121B52CAAEFE53AA8723A73","2013-01-13 10:05:00","2013-01-13 10:07:00","1","0.51","-73.952361,40.777243,-73.954481,40.778137,-73.953983,40.77882,-73.951743,40.777875,-73.952241,40.777192,-73.952704,40.776562,-73.953165,40.775924,-73.953628,40.77529,-73.954099,40.774646,-73.954559,40.774016,-73.955088,40.773331,-73.955578,40.77262,-73.956011,40.772026,-73.956201,40.771766,"
"B59548DC9A0E62AC30BD993E846A8AFF","2013-01-13 00:11:00","2013-01-13 00:17:00","1","1.02","-74.009603,40.712808,-74.009254,40.713256,-74.008832,40.713796,-74.008387,40.714362,-74.00794,40.714927,-74.007544,40.715433,-74.007097,40.715998,-74.006674,40.716532,-74.006246,40.717083,-74.005777,40.717677,-74.005323,40.718274,-74.005174,40.719005,-74.005187,40.719838,-74.005204,40.720458,-74.005208,40.720628,-74.004712,40.721256,-74.004635,40.721354,-74.004544,40.721463,-74.003768,40.722384,-74.002971,40.721995,-74.002208,40.721621,-74.001447,40.721252,-74.000661,40.72084,-73.999868,40.720432,-73.999868,40.720432,"
"1354F44EAEDF475B489A1E5D972FF9AC","2013-01-13 10:05:00","2013-01-13 10:14:00","6","2.44","-73.993837,40.756772,-73.994027,40.756512,-73.994485,40.755883,-73.994396,40.755846,-73.991633,40.754707,-73.991177,40.75533,-73.991135,40.755388,-73.990726,40.755951,-73.990276,40.756567,-73.989791,40.757233,-73.989299,40.757907,-73.988843,40.758532,-73.988386,40.759159,-73.988133,40.759506,-73.987968,40.759733,-73.987928,40.759787,-73.987252,40.759501,-73.985476,40.758751,-73.985322,40.758686,-73.985211,40.758639,-73.985087,40.758587,-73.984972,40.758538,-73.982965,40.75769,-73.982254,40.75739,-73.981278,40.756977,-73.979024,40.756032,-73.977417,40.755354,-73.976966,40.755971,-73.976504,40.756606,-73.976045,40.757232,-73.975591,40.75786,-73.975135,40.758486,-73.974683,40.75911,-73.974224,40.759739,-73.973766,40.760364,-73.973309,40.760989,-73.972851,40.761615,-73.97236,40.762289,-73.971859,40.762978,-73.971404,40.763598,-73.970954,40.76422,-73.970497,40.764842,-73.970451,40.764905,-73.970084,40.765409,-73.970042,40.765466,-73.969627,40.766034,-73.969585,40.766091,-73.969541,40.766151,-73.969172,40.766657,-73.969127,40.766719,-73.969083,40.766779,-73.968713,40.767286,-73.96867,40.767345,-73.968624,40.767407,-73.968256,40.767912,-73.968215,40.767967,-73.968164,40.768038,-73.967795,40.768547,-73.96776,40.768594,-73.967724,40.768645,-73.967346,40.769167,-73.967303,40.769226,-73.967267,40.769275,-73.966848,40.769846,-73.966848,40.769846,"
"74E5E19F2AEA6F8B32E245B6FD3D6496","2013-01-13 09:57:00","2013-01-13 10:03:00","1","1.92","-73.983574,40.741116,-73.983812,40.74079,-73.985428,40.741471,-73.984977,40.742089,-73.984529,40.742708,-73.984078,40.743326,-73.983627,40.743945,-73.983177,40.744562,-73.982727,40.745181,-73.982336,40.745716,-73.982275,40.74581,-73.982213,40.745863,-73.981846,40.746271,-73.981742,40.746393,-73.981405,40.746996,-73.978984,40.750313,-73.978575,40.750826,-73.978203,40.751312,-73.977581,40.752174,-73.977546,40.752213,-73.977495,40.752239,-73.97745,40.752247,-73.977398,40.752239,-73.977157,40.752141,-73.9771,40.752128,-73.977055,40.752126,-73.977003,40.752135,-73.976962,40.752158,-73.976918,40.752184,-73.976889,40.752221,-73.975811,40.753727,-73.975792,40.753782,-73.975795,40.753841,-73.975797,40.753883,-73.975819,40.753958,-73.975855,40.754012,-73.976006,40.754078,-73.976019,40.754109,-73.976011,40.754143,-73.975667,40.754616,-73.975223,40.755225,-73.974754,40.755868,-73.974296,40.756496,-73.97384,40.757121,-73.973383,40.757747,-73.972929,40.758371,-73.97247,40.758999,-73.972013,40.759626,-73.971557,40.760251,-73.971775,40.760343,-73.972231,40.759717,-73.972289,40.759636,"
"91878B4D52E857B057A502BC7FCF546B","2013-01-13 08:30:00","2013-01-13 08:39:00","6","1.9","-73.977146,40.755725,-73.976966,40.755971,-73.978565,40.756654,-73.979024,40.756032,-73.979483,40.755405,-73.981717,40.756351,-73.982712,40.756771,-73.985552,40.757967,-73.986728,40.758462,-73.988386,40.759159,-73.991163,40.760328,-73.991227,40.760355,-73.994069,40.761552,-73.994631,40.761788,-73.994892,40.761897,-73.996925,40.76275,-73.998969,40.763618,-73.998779,40.763842,-73.998564,40.764142,-73.998495,40.764239,-73.998047,40.764868,-73.997755,40.765288,-73.997658,40.765402,-73.997594,40.76549,-73.997155,40.766101,-73.996728,40.766657,-73.996685,40.766714,-73.99623,40.767346,-73.995809,40.767912,-73.995776,40.767967,-73.994908,40.76916,-73.99486,40.769229,-73.994795,40.769353,-73.994671,40.769561,-73.994574,40.769907,-73.994799,40.769976,-73.994954,40.770017,-73.994997,40.769891,-73.995123,40.769698,-73.995263,40.769496,-73.995275,40.769478,"
"849E486825860106403FB991A763BCC3","2013-01-13 10:08:00","2013-01-13 10:14:00","1","1.54","-73.982049,40.740338,-73.981762,40.740733,-73.981312,40.741351,-73.980859,40.74197,-73.98041,40.742587,-73.979959,40.743205,-73.979508,40.743825,-73.981109,40.744498,-73.982727,40.745181,-73.984344,40.745861,-73.985949,40.746536,-73.987514,40.7472,-73.988305,40.747535,-73.989157,40.747896,-73.992006,40.749101,-73.994845,40.750294,-73.99444,40.75085,-73.993914,40.751499,-73.99346,40.752196,-73.992976,40.752858,-73.992525,40.753478,-73.992079,40.754091,-73.992079,40.754091,"
"035A25BC8C3C1868838AD8DC880DE0F6","2013-01-13 00:40:00","2013-01-13 00:46:00","2","1.92","-73.982354,40.775575,-73.982282,40.775545,-73.982312,40.774735,-73.982324,40.773922,-73.982305,40.773099,-73.982295,40.772633,-73.982513,40.772313,-73.982942,40.771724,-73.983403,40.771088,-73.98385,40.770478,-73.984151,40.770066,-73.984321,40.769841,-73.984769,40.769218,-73.985232,40.768584,-73.985717,40.767918,-73.986222,40.767225,-73.98667,40.76661,-73.987139,40.765967,-73.987585,40.765354,-73.988046,40.764722,-73.988489,40.764112,-73.988951,40.76348,-73.989408,40.762851,-73.989859,40.762233,-73.990316,40.761606,-73.990767,40.760986,-73.990711,40.760962,-73.987928,40.759787,-73.987252,40.759501,-73.985476,40.758751,-73.985322,40.758686,-73.985211,40.758639,-73.985087,40.758587,-73.984972,40.758538,-73.982965,40.75769,-73.982254,40.75739,-73.981278,40.756977,-73.979024,40.756032,-73.977417,40.755354,-73.976516,40.754974,-73.976974,40.754349,-73.977432,40.753717,-73.977875,40.753099,-73.978783,40.753481,-73.97841,40.753993,"
"21198B1F559FD9072647BDA32777330D","2013-01-13 09:42:00","2013-01-13 10:04:00","2","16.39","-73.803622,40.648905,-73.803791,40.649094,-73.804307,40.649708,-73.804795,40.650312,-73.805284,40.650963,-73.805782,40.651666,-73.806237,40.652363,-73.806581,40.652943,-73.806812,40.653425,-73.807027,40.653965,-73.80719,40.654499,-73.807302,40.655026,-73.807384,40.655703,-73.807386,40.656368,-73.807352,40.656798,-73.807292,40.657227,-73.807257,40.65741,-73.807156,40.657813,-73.807035,40.658204,-73.806872,40.658627,-73.8067,40.659005,-73.806545,40.659311,-73.806391,40.659584,-73.806279,40.659767,-73.806065,40.660099,-73.805694,40.660572,-73.805445,40.660845,-73.805205,40.661067,-73.804887,40.661282,-73.804552,40.661464,-73.804132,40.661627,-73.803728,40.661776,-73.803445,40.661913,-73.803153,40.662082,-73.802913,40.662271,-73.802655,40.662519,-73.802466,40.662779,-73.802281,40.663161,-73.802184,40.66338,-73.802106,40.663632,-73.802055,40.663879,-73.802012,40.664159,-73.801986,40.664472,-73.801917,40.665168,-73.801775,40.665751,-73.801687,40.666032,-73.801652,40.666145,-73.801522,40.666562,-73.80142,40.666958,-73.801265,40.667616,-73.80117,40.668241,-73.80111,40.66897,-73.80105,40.669875,-73.801033,40.670585,-73.80105,40.671269,-73.801102,40.672219,-73.801136,40.672649,-73.801205,40.673059,-73.801291,40.673456,-73.801411,40.673866,-73.801574,40.674296,-73.801754,40.674732,-73.80202,40.675311,-73.802741,40.676841,-73.8032,40.677801,-73.803797,40.679028,-73.804393,40.680287,-73.805737,40.68307,-73.806595,40.684847,-73.806861,40.685407,-73.807179,40.686025,-73.807462,40.686546,-73.807843,40.687239,-73.808344,40.68811,-73.809178,40.689565,-73.810612,40.692104,-73.811741,40.69416,-73.811876,40.69437,-73.812363,40.695234,-73.81274,40.695878,-73.813298,40.696744,-73.813727,40.697433,-73.814062,40.698013,-73.814363,40.698572,-73.814878,40.699548,-73.815207,40.70019,-73.815329,40.700425,-73.815521,40.700811,-73.816749,40.703485,-73.817367,40.70478,-73.817616,40.705274,-73.81789,40.705762,-73.818138,40.70618,-73.818879,40.707431,-73.819424,40.708346,-73.819651,40.708704,-73.8202,40.709571,-73.820672,40.710118,-73.821161,40.710638,-73.821805,40.711211,-73.822861,40.712011,-73.823324,40.712408,-73.823676,40.712837,-73.823968,40.713234,-73.824122,40.71352,-73.824434,40.714093,-73.824881,40.714678,-73.825567,40.715413,-73.825851,40.715765,-73.826005,40.716057,-73.826177,40.716454,-73.826314,40.716949,-73.826349,40.717293,-73.826357,40.717645,-73.826289,40.71807,-73.8261,40.719362,-73.826082,40.719754,-73.826125,40.720203,-73.826245,40.720652,-73.826477,40.721178,-73.827484,40.72277,-73.827765,40.723123,-73.82828,40.723683,-73.828915,40.724294,-73.82955,40.724789,-73.830357,40.725328,-73.831318,40.725966,-73.831902,40.726525,-73.832374,40.72713,-73.833687,40.729685,-73.834622,40.731448,-73.834678,40.731562,-73.835335,40.732905,-73.835755,40.733659,-73.836022,40.734199,-73.836159,40.73452,-73.836262,40.734865,-73.836289,40.735037,-73.836344,40.735382,-73.836456,40.73693,-73.836525,40.737749,-73.836555,40.738149,-73.836649,40.738669,-73.836727,40.73895,-73.836816,40.739271,-73.83713,40.740373,-73.837381,40.741178,-73.837449,40.741767,-73.837396,40.742025,-73.837336,40.742207,-73.83725,40.742369,-73.837078,40.742571,-73.836881,40.742785,-73.836761,40.742948,-73.836683,40.74313,-73.836718,40.743345,-73.836838,40.74354,-73.836992,40.743696,-73.837224,40.743793,-73.837421,40.743832,-73.837627,40.743845,-73.837833,40.743819,-73.838117,40.743702,-73.83846,40.743527,-73.840056,40.742746,-73.840683,40.742447,-73.842237,40.74168,-73.843325,40.741074,-73.84503,40.740231,-73.845949,40.739782,-73.848189,40.738735,-73.84873,40.738495,-73.849219,40.738293,-73.849854,40.738052,-73.850481,40.737838,-73.851004,40.737656,-73.85166,40.737449,-73.852091,40.737329,-73.852995,40.737122,-73.853691,40.736999,-73.854309,40.736895,-73.85491,40.736791,-73.855519,40.736674,-73.856163,40.736518,-73.856772,40.736349,-73.859675,40.735505,-73.861261,40.735009,-73.86428,40.734101,-73.864696,40.733971,-73.867802,40.732996,-73.869329,40.732513,-73.870318,40.732198,-73.870834,40.732038,-73.871573,40.731808,-73.874037,40.731066,-73.87629,40.730378,-73.876831,40.730202,-73.87732,40.730027,-73.877855,40.72981,-73.879074,40.72931,-73.879589,40.729114,-73.880121,40.728958,-73.880679,40.728835,-73.88122,40.72875,-73.881841,40.728686,-73.882388,40.728654,-73.88455,40.728483,-73.885349,40.728385,-73.885864,40.728281,-73.886516,40.728106,-73.887044,40.727922,-73.887387,40.727792,-73.887837,40.72756,-73.888284,40.727313,-73.88891,40.726938,-73.889871,40.726363,-73.890335,40.726129,-73.890867,40.725901,-73.891382,40.725726,-73.891931,40.725576,-73.892498,40.725459,-73.893056,40.725381,-73.893639,40.725342,-73.894215,40.725335,-73.894781,40.725361,-73.895365,40.725407,-73.900266,40.725856,-73.900805,40.725909,-73.902252,40.726051,-73.902895,40.7261,-73.903484,40.726168,-73.904085,40.726272,-73.904669,40.726415,-73.905252,40.726597,-73.905802,40.726805,-73.906325,40.727039,-73.906919,40.72736,-73.907273,40.727579,-73.908422,40.728302,-73.909716,40.729108,-73.910162,40.729362,-73.910662,40.729597,-73.91116,40.729799,-73.911701,40.729975,-73.912241,40.730118,-73.913274,40.730371,-73.914044,40.73056,-73.914713,40.730742,-73.915288,40.730905,-73.915941,40.731093,-73.916756,40.731314,-73.917503,40.731516,-73.917983,40.731659,-73.91849,40.731841,-73.918953,40.732049,-73.919434,40.732316,-73.919872,40.732589,-73.920267,40.732882,-73.920606,40.73315,-73.920759,40.733271,-73.921231,40.733628,-73.921539,40.733866,-73.922293,40.734441,-73.922615,40.734685,-73.923068,40.734951,-73.923388,40.735124,-73.923929,40.73538,-73.92447,40.735598,-73.924942,40.735763,-73.925467,40.735922,-73.925992,40.736048,-73.92828,40.736499,-73.929766,40.736791,-73.93086,40.736981,-73.933806,40.737474,-73.935326,40.737764,-73.935704,40.737827,-73.936074,40.737874,-73.936494,40.73792,-73.937017,40.737985,-73.937524,40.738065,-73.938013,40.738168,-73.938559,40.738301,-73.938972,40.738422,-73.939461,40.738584,-73.93988,40.738756,-73.942412,40.73982,-73.943861,40.74042,-73.944295,40.740591,-73.944773,40.740744,-73.945163,40.740852,-73.945679,40.740965,-73.947441,40.741312,-73.949194,40.741644,-73.94945,40.741679,-73.94974,40.741703,-73.950103,40.741706,-73.950406,40.741688,-73.950618,40.741666,-73.951472,40.741539,-73.951838,40.741505,-73.952099,40.741499,-73.952423,40.741513,-73.952653,40.741532,-73.953099,40.741557,-73.953369,40.741563,-73.954075,40.741554,-73.954477,40.7415,-73.954748,40.74151,-73.955027,40.741532,-73.9558,40.741675,-73.956649,40.741832,-73.957834,40.742059,-73.958357,40.742202,-73.958709,40.742306,-73.95913,40.742475,-73.959593,40.74271,-73.967035,40.747456,-73.967549,40.747743,-73.967979,40.747905,-73.968331,40.747996,-73.968708,40.748055,-73.96912,40.748061,-73.969567,40.748029,-73.969918,40.747938,-73.970296,40.747834,-73.970596,40.747671,-73.971,40.747385,-73.971214,40.747138,-73.971747,40.746397,-73.971961,40.746188,-73.972184,40.746052,-73.972519,40.745948,-73.972833,40.745919,-73.973101,40.745929,-73.973542,40.746059,-73.97398,40.746225,-73.974797,40.746505,-73.975394,40.746763,-73.975489,40.746787,-73.97558,40.746813,-73.975666,40.74683,-73.975749,40.746835,-73.975824,40.746835,-73.975902,40.746827,-73.975962,40.746814,-73.976026,40.746797,-73.976072,40.746777,-73.976136,40.746753,-73.976202,40.746713,-73.976257,40.746679,-73.97679,40.746036,-73.97736,40.745404,-73.975881,40.744779,-73.976371,40.744107,-73.976808,40.743529,-73.977271,40.742884,-73.977726,40.742276,-73.978179,40.741635,-73.978184,40.741629,-73.978616,40.741026,-73.979077,40.740393,-73.979518,40.739784,-73.979967,40.739168,-73.980418,40.73855,-73.980909,40.73788,-73.980994,40.73776,-73.981392,40.737222,-73.981845,40.736601,-73.982267,40.73602,-73.982695,40.735431,-73.983122,40.734846,-73.980879,40.733884,-73.980739,40.733823,-73.980577,40.733751,-73.979883,40.733428,-73.979643,40.733233,-73.979583,40.733038,-73.979581,40.732994,"
"C70F687554A30FE9DCD6B11523F85CDE","2013-01-13 00:12:00","2013-01-13 00:23:00","6","2.09","-73.960546,40.769827,-73.960112,40.770422,-73.961714,40.7711,-73.962211,40.770424,-73.962706,40.769737,-73.963154,40.769123,-73.96362,40.768484,-73.964074,40.767864,-73.964532,40.767232,-73.964989,40.766607,-73.965445,40.765984,-73.9659,40.765357,-73.966359,40.764732,-73.966813,40.764105,-73.967271,40.763482,-73.967727,40.762851,-73.968181,40.762236,-73.968634,40.761611,-73.969132,40.760929,-73.969624,40.760253,-73.970079,40.759627,-73.970533,40.759002,-73.970992,40.758375,-73.971452,40.757748,-73.971907,40.757125,-73.972362,40.756498,-73.97282,40.75587,-73.97366,40.756227,-73.974296,40.756496,-73.974509,40.756585,-73.976045,40.757232,-73.977655,40.757912,-73.978445,40.758242,-73.978395,40.758311,-73.978381,40.75833,"
"1066F50D87BD0F9D8DC7D4E469FCE3D4","2013-01-13 09:55:00","2013-01-13 10:09:00","3","4.33","-73.976236,40.791115,-73.976449,40.790814,-73.976923,40.790174,-73.977374,40.789563,-73.977863,40.788887,-73.980369,40.789939,-73.98086,40.789257,-73.980934,40.789123,-73.980966,40.789052,-73.980995,40.788969,-73.981025,40.788862,-73.981044,40.788737,-73.98107,40.788514,-73.98115,40.787722,-73.981229,40.786917,-73.981246,40.786775,-73.981273,40.786605,-73.981315,40.786458,-73.981378,40.786311,-73.981448,40.786184,-73.981517,40.786094,-73.981613,40.785981,-73.982011,40.785594,-73.98266,40.784976,-73.98279,40.785032,-73.983689,40.785408,-73.984156,40.785599,-73.984262,40.785642,-73.984222,40.785727,-73.984228,40.785796,-73.984257,40.78585,-73.984348,40.785919,-73.984439,40.785944,-73.984492,40.785947,-73.98458,40.785932,-73.984626,40.785914,-73.984704,40.785851,-73.984738,40.785785,-73.984741,40.785727,-73.98471,40.785577,-73.984701,40.785459,-73.984766,40.785043,-73.984818,40.784867,-73.984904,40.784627,-73.985084,40.78425,-73.985419,40.783678,-73.985839,40.78306,-73.986337,40.782352,-73.986595,40.781988,-73.986693,40.781852,-73.986895,40.781605,-73.987152,40.781319,-73.987476,40.780975,-73.987813,40.780617,-73.988019,40.780363,-73.988431,40.779837,-73.988946,40.779141,-73.989847,40.777978,-73.990405,40.77727,-73.991118,40.776288,-73.992311,40.774663,-73.993143,40.773467,-73.993547,40.772908,-73.994059,40.772219,-73.994251,40.77194,-73.994439,40.771589,-73.994577,40.771238,-73.994637,40.770978,-73.99468,40.77077,-73.994783,40.770086,-73.994799,40.769976,-73.994903,40.769626,-73.995074,40.769307,-73.995114,40.769249,-73.995955,40.768042,-73.995989,40.76799,-73.99643,40.767429,-73.996908,40.766794,-73.996942,40.766748,-73.99736,40.766187,-73.9978,40.765574,-73.997861,40.765486,-73.997921,40.765405,-73.998714,40.764329,-73.998788,40.764233,-73.999043,40.763876,-73.999171,40.763709,-73.99927,40.763594,-73.999369,40.763495,-73.999612,40.76329,-73.999791,40.763152,-73.999907,40.763072,-74.000425,40.762712,-74.000524,40.762645,-74.001163,40.762177,-74.001322,40.762069,-74.001429,40.761969,-74.001534,40.761847,-74.001749,40.761567,-74.001855,40.761436,-74.001961,40.761295,-74.002272,40.760845,-74.002347,40.760753,-74.002384,40.760696,-74.002762,40.760176,-74.00283,40.760078,-74.003431,40.759253,-74.003532,40.759111,-74.004085,40.758373,-74.005021,40.75705,-74.005121,40.756942,-74.006881,40.754527,-74.006937,40.754448,-74.007076,40.754234,-74.007152,40.754087,-74.007212,40.753955,-74.00726,40.753834,-74.0073,40.753725,-74.007499,40.753154,-74.008014,40.751789,-74.008092,40.751639,-74.00838,40.750828,-74.008449,40.750585,-74.008469,40.750455,-74.008478,40.750326,-74.008478,40.750176,-74.00847,40.750026,-74.008424,40.749824,-74.008373,40.749679,-74.008301,40.749527,-74.008195,40.749344,-74.0081,40.749188,-74.007954,40.748921,-74.007843,40.74859,-74.007826,40.748486,-74.007816,40.74822,-74.007832,40.74806,-74.00804,40.746892,-74.008169,40.746151,-74.008296,40.745449,-74.008345,40.745272,-74.008436,40.744767,-74.008469,40.744566,-74.008536,40.744172,-74.008524,40.744103,-74.008511,40.744058,-74.008497,40.744025,-74.008481,40.743995,-74.008439,40.743962,-74.008384,40.74394,-74.007238,40.74347,-74.006887,40.743323,-74.004416,40.742284,-74.004351,40.742257,-74.001555,40.74108,-73.998713,40.739881,-73.995874,40.738686,-73.995446,40.739272,-73.995446,40.739272,"
"0C3D03822EC2B0DAABC565EF330580E9","2013-01-13 00:32:00","2013-01-13 00:40:00","1","1.42","-73.985155,40.762708,-73.985648,40.762916,-73.985202,40.763528,-73.984741,40.76416,-73.984292,40.764776,-73.983827,40.765414,-73.983377,40.766032,-73.982878,40.766716,-73.982381,40.767398,-73.982242,40.767596,-73.982229,40.767612,-73.982213,40.767623,-73.982195,40.767635,-73.982151,40.767656,-73.982088,40.767675,-73.981997,40.767688,-73.981959,40.767683,-73.981921,40.76768,-73.981882,40.76768,-73.981836,40.767682,-73.98179,40.767688,-73.981744,40.767697,-73.981701,40.76771,-73.981659,40.767725,-73.981619,40.767744,-73.981578,40.767767,-73.981541,40.767793,-73.981508,40.767823,-73.981479,40.767854,-73.981454,40.767888,-73.981436,40.767922,-73.981421,40.767957,-73.981411,40.767994,-73.981407,40.768031,-73.981407,40.768071,-73.981413,40.768111,-73.981425,40.76815,-73.981442,40.768188,-73.981465,40.768224,-73.981493,40.768258,-73.981495,40.768275,-73.981507,40.768313,-73.981522,40.768345,-73.98154,40.768391,-73.981552,40.768428,-73.981556,40.768463,-73.98156,40.768482,-73.981558,40.76851,-73.981549,40.768537,-73.981534,40.768567,-73.981029,40.769275,-73.980575,40.769911,-73.980112,40.770529,-73.979928,40.77078,-73.979652,40.771156,-73.979193,40.771782,-73.978728,40.772417,-73.978281,40.773031,-73.977827,40.773656,-73.97737,40.774281,-73.976912,40.774909,-73.976458,40.775533,-73.975958,40.776217,-73.975461,40.776899,-73.974997,40.777533,-73.974532,40.778168,-73.974067,40.778805,-73.973571,40.779478,-73.973426,40.779681,"
"315A16166A8B91C25B519E48B206181D","2013-01-13 00:15:00","2013-01-13 00:25:00","5","2.42","-73.973548,40.757817,-73.973598,40.757838,-73.974163,40.758076,-73.974432,40.75819,-73.975135,40.758486,-73.974683,40.75911,-73.974224,40.759739,-73.973766,40.760364,-73.973309,40.760989,-73.972851,40.761615,-73.97236,40.762289,-73.971859,40.762978,-73.971404,40.763598,-73.970954,40.76422,-73.970497,40.764842,-73.970451,40.764905,-73.970084,40.765409,-73.970042,40.765466,-73.969627,40.766034,-73.969585,40.766091,-73.969541,40.766151,-73.969172,40.766657,-73.969127,40.766719,-73.969083,40.766779,-73.968713,40.767286,-73.96867,40.767345,-73.968624,40.767407,-73.968256,40.767912,-73.968215,40.767967,-73.968336,40.768018,-73.96972,40.768602,-73.969825,40.768646,-73.970068,40.768723,-73.970311,40.768787,-73.970427,40.768804,-73.970555,40.768812,-73.97079,40.768806,-73.971052,40.768796,-73.971517,40.768781,-73.971711,40.76878,-73.972236,40.768855,-73.972681,40.768988,-73.973131,40.769092,-73.973685,40.769289,-73.974098,40.769497,-73.974352,40.769639,-73.974758,40.769897,-73.97708,40.771329,-73.977805,40.771788,-73.978595,40.772356,-73.978728,40.772417,-73.978281,40.773031,-73.977827,40.773656,-73.97737,40.774281,-73.976912,40.774909,-73.976458,40.775533,-73.975958,40.776217,-73.975461,40.776899,-73.974997,40.777533,-73.974532,40.778168,-73.974067,40.778805,-73.973571,40.779478,-73.973175,40.78003,"
"02861094C5C334E365C45B732A783945","2013-01-13 00:31:00","2013-01-13 00:41:00","1","1.19","-73.995592,40.732711,-73.995914,40.732847,-73.999019,40.734149,-73.999188,40.734134,-73.998714,40.734784,-73.998539,40.735031,-73.998274,40.735391,-73.997805,40.736032,-73.997341,40.736668,-73.99684,40.737361,-73.996337,40.738044,-73.995874,40.738686,-73.995446,40.739272,-73.995018,40.73986,-73.994593,40.740442,-73.994165,40.741031,-73.993739,40.741617,-73.993292,40.742233,-73.992805,40.742901,-73.989717,40.741601,-73.989596,40.74155,-73.989486,40.741504,-73.989217,40.741394,-73.98914,40.741362,-73.989033,40.741319,-73.989005,40.741307,-73.987984,40.740884,-73.986359,40.740196,-73.984756,40.739507,-73.985232,40.73884,-73.985495,40.738473,"
"19B23C50462B14FDB66B58879E4D1FD1","2013-01-13 00:13:00","2013-01-13 00:20:00","3","2.26","-73.965884,40.754583,-73.968065,40.755504,-73.96852,40.754877,-73.968978,40.754251,-73.969431,40.753624,-73.969917,40.752956,-73.970341,40.752379,-73.970804,40.751748,-73.971263,40.751122,-73.971713,40.750494,-73.972216,40.749806,-73.972692,40.749157,-73.973144,40.748534,-73.973591,40.74792,-73.974044,40.747296,-73.974485,40.74667,-73.974534,40.746602,-73.974692,40.746388,-73.974725,40.746342,-73.974927,40.746068,-73.975394,40.745442,-73.975881,40.744779,-73.976371,40.744107,-73.976808,40.743529,-73.977271,40.742884,-73.977726,40.742276,-73.978179,40.741635,-73.978184,40.741629,-73.978616,40.741026,-73.979077,40.740393,-73.979518,40.739784,-73.979967,40.739168,-73.980418,40.73855,-73.980909,40.73788,-73.980994,40.73776,-73.981392,40.737222,-73.981845,40.736601,-73.982267,40.73602,-73.982695,40.735431,-73.983122,40.734846,-73.983549,40.734261,-73.983982,40.733665,-73.984441,40.733033,-73.984941,40.732347,-73.987182,40.733293,-73.988779,40.733966,-73.989649,40.734344,"
"C8436454794EFE6C080FBBBCEE6E3623","2013-01-13 10:01:00","2013-01-13 10:04:00","1","0.64","-73.992688,40.737283,-73.992654,40.73733,-73.990738,40.736526,-73.991206,40.735877,-73.991692,40.735204,-73.991395,40.735081,-73.990752,40.734816,-73.990945,40.733978,-73.991114,40.733214,-73.991281,40.732446,-73.99146,40.731738,-73.991921,40.731166,-73.992901,40.731578,"
"5943FA32855CEA9401FF1774F28AA42C","2013-01-13 09:56:00","2013-01-13 10:04:00","1","1.43","-74.003993,40.747616,-74.001326,40.746492,-74.001266,40.746467,-73.998486,40.745294,-73.995645,40.744099,-73.992805,40.742901,-73.989717,40.741601,-73.989596,40.74155,-73.989486,40.741504,-73.989217,40.741394,-73.98914,40.741362,-73.989033,40.741319,-73.989005,40.741307,-73.987984,40.740884,-73.986359,40.740196,-73.984756,40.739507,-73.983148,40.738826,-73.980909,40.73788,-73.980994,40.73776,-73.981014,40.737735,"
"2661F8B55002CBF46155A9BB67C9358C","2013-01-13 00:16:00","2013-01-13 00:21:00","1","1.18","-73.985323,40.741615,-73.985428,40.741471,-73.985879,40.740853,-73.986359,40.740196,-73.986849,40.739522,-73.987302,40.738901,-73.987726,40.738317,-73.988152,40.737729,-73.988578,40.737147,-73.989045,40.736546,-73.989158,40.736392,-73.989455,40.735987,-73.989916,40.735349,-73.99011,40.735188,-73.990209,40.735108,-73.990368,40.735011,-73.990404,40.734989,-73.990453,40.734959,-73.99063,40.734868,-73.990752,40.734816,-73.991395,40.735081,-73.991692,40.735204,-73.993618,40.736,-73.994118,40.735313,-73.994585,40.734672,-73.99505,40.734034,-73.995489,40.733437,-73.995914,40.732847,-73.996544,40.733111,"
"B4F089612D651EEFB08F7183F756BC16","2013-01-13 00:14:00","2013-01-13 00:19:00","1","2.09","-73.973828,40.764308,-73.974111,40.763933,-73.973465,40.763659,-73.973968,40.762967,-73.974457,40.762293,-73.974915,40.761667,-73.975373,40.76104,-73.975831,40.760418,-73.976289,40.759787,-73.976744,40.759165,-73.977201,40.758538,-73.975591,40.75786,-73.974054,40.757211,-73.97384,40.757121,-73.972362,40.756498,-73.97282,40.75587,-73.973276,40.755243,-73.973752,40.754596,-73.97419,40.753994,-73.974648,40.753367,-73.975102,40.752741,-73.975558,40.752116,-73.97604,40.751437,-73.976535,40.750775,-73.976987,40.750156,-73.977436,40.749539,-73.977888,40.748921,-73.978344,40.748294,-73.978788,40.747684,-73.979238,40.747068,-73.979724,40.746402,-73.980209,40.745734,-73.980655,40.745131,-73.981109,40.744498,-73.98156,40.743882,-73.981804,40.743546,"
"D88BBB741FE8B4D57C2C1B9869A98CFC","2013-01-13 09:48:00","2013-01-13 10:02:00","6","4.24","-74.016479,40.70719,-74.016479,40.70719,-74.01712,40.707462,-74.016626,40.708134,-74.016218,40.707938,-74.015996,40.707838,-74.0159,40.707795,-74.015779,40.707776,-74.016079,40.707044,-74.016288,40.70647,-74.016821,40.705119,-74.016805,40.705067,-74.016787,40.705033,-74.016763,40.705008,-74.016729,40.704988,-74.016684,40.704971,-74.016631,40.704965,-74.016582,40.704971,-74.01655,40.704981,-74.016513,40.705002,-74.016488,40.705028,-74.01647,40.705056,-74.016454,40.705094,-74.015905,40.706658,-74.015818,40.706902,-74.015656,40.707314,-74.015522,40.707676,-74.015195,40.708496,-74.014874,40.709417,-74.014719,40.709833,-74.014632,40.710455,-74.014486,40.710969,-74.014447,40.711534,-74.014345,40.711883,-74.014228,40.712155,-74.0141,40.712596,-74.014007,40.712926,-74.013895,40.713324,-74.013834,40.713526,-74.013731,40.713708,-74.013423,40.714434,-74.013216,40.715198,-74.013113,40.71566,-74.012915,40.716395,-74.012787,40.71713,-74.012649,40.717709,-74.01238,40.718906,-74.012346,40.719049,-74.01232,40.719134,-74.012082,40.720186,-74.012055,40.720308,-74.012033,40.720418,-74.011919,40.720957,-74.01178,40.721631,-74.011665,40.722216,-74.011653,40.72231,-74.011636,40.722401,-74.011541,40.722863,-74.011524,40.72298,-74.011387,40.723624,-74.011275,40.72417,-74.011267,40.724274,-74.01125,40.724339,-74.011064,40.725072,-74.011044,40.725168,-74.010927,40.725664,-74.010886,40.725839,-74.010821,40.726153,-74.010538,40.729093,-74.010485,40.729731,-74.010478,40.729823,-74.010418,40.730543,-74.010349,40.731181,-74.010338,40.731287,-74.010332,40.731376,-74.010272,40.732007,-74.010246,40.732286,-74.010229,40.732416,-74.010212,40.732572,-74.01016,40.733145,-74.010109,40.733795,-74.0101,40.733841,-74.010083,40.733945,-74.010061,40.734219,-74.01004,40.734543,-74.00998,40.73522,-74.009971,40.735291,-74.009971,40.735395,-74.00992,40.735974,-74.009834,40.736949,-74.0098,40.737463,-74.009808,40.737554,-74.009811,40.737637,-74.009817,40.737821,-74.009843,40.738023,-74.009894,40.738517,-74.009913,40.738726,-74.00992,40.738985,-74.009885,40.739141,-74.009851,40.739297,-74.009808,40.739421,-74.009748,40.739564,-74.009671,40.739713,-74.009551,40.739915,-74.009439,40.740091,-74.009285,40.740338,-74.009207,40.7405,-74.00913,40.740656,-74.00907,40.740819,-74.009027,40.740975,-74.008959,40.741229,-74.008873,40.741541,-74.008795,40.741866,-74.008716,40.742195,-74.008688,40.742352,-74.008555,40.743036,-74.008537,40.743169,-74.008401,40.743843,-74.008384,40.74394,-74.008272,40.744571,-74.008246,40.744695,-74.008152,40.745241,-74.008126,40.745377,-74.008038,40.745883,-74.00786,40.746795,-74.007849,40.746869,-74.007731,40.747504,-74.007696,40.747757,-74.00765,40.748184,-74.007628,40.74846,-74.007674,40.74868,-74.00777,40.74892,-74.007937,40.749253,-74.008032,40.749428,-74.008117,40.749598,-74.008203,40.749806,-74.008238,40.749923,-74.008255,40.750033,-74.008288,40.750275,-74.008255,40.750553,-74.008178,40.750755,-74.008165,40.750786,-74.00786,40.751581,-74.007817,40.751711,-74.007567,40.752394,-74.007293,40.753089,-74.007079,40.753674,-74.007035,40.753777,-74.006993,40.753889,-74.006924,40.754012,-74.006847,40.75413,-74.006701,40.75435,-74.00665,40.754429,-74.003854,40.753259,-74.001787,40.752413,-74.001269,40.752199,-74.001141,40.75209,-73.999427,40.751415,-73.998154,40.750879,-73.998078,40.750842,-73.995299,40.749671,-73.994845,40.750294,-73.99444,40.75085,-73.993914,40.751499,-73.99346,40.752196,-73.992976,40.752858,-73.992525,40.753478,-73.992079,40.754091,-73.991633,40.754707,-73.991177,40.75533,-73.991177,40.75533,"
"7436DA8C032454305CB087EE48D519A6","2013-01-13 00:12:00","2013-01-13 00:23:00","1","1.83","-74.005971,40.740117,-74.005958,40.740135,-74.005864,40.740261,-74.005366,40.740945,-74.005126,40.74085,-74.002524,40.739755,-73.999684,40.738552,-73.99684,40.737361,-73.993618,40.736,-73.991692,40.735204,-73.991395,40.735081,-73.990752,40.734816,-73.990945,40.733978,-73.991114,40.733214,-73.991281,40.732446,-73.99146,40.731738,-73.991921,40.731166,-73.9924,40.730601,-73.992841,40.730079,-73.993262,40.72958,-73.993747,40.729008,-73.994252,40.728412,-73.994758,40.727822,-73.99527,40.727211,-73.995847,40.726527,-73.996716,40.725502,-73.996821,40.725378,-73.997664,40.724379,"
"1AABA72EE93B8066C6A4FE096B6D4E01","2013-01-13 09:55:00","2013-01-13 10:06:00","1","2.14","-73.938049,40.797101,-73.940027,40.797939,-73.941625,40.798616,-73.94213,40.797931,-73.943612,40.798552,-73.943886,40.798667,-73.945361,40.799285,-73.946974,40.799961,-73.948311,40.798129,-73.948792,40.797478,-73.949054,40.797108,-73.949085,40.797122,-73.949175,40.797147,-73.949257,40.797154,-73.949327,40.79715,-73.949402,40.797134,-73.94947,40.797108,-73.949517,40.797095,-73.949592,40.797083,-73.949699,40.797086,-73.950917,40.797589,-73.952318,40.798181,-73.952459,40.79824,-73.952621,40.798311,-73.955208,40.799405,-73.955389,40.799481,-73.957868,40.800521,-73.95786,40.800551,-73.957856,40.800581,-73.957857,40.800611,-73.957863,40.80064,-73.957873,40.80067,-73.957888,40.800697,-73.957908,40.800724,-73.957931,40.800748,-73.957959,40.80077,-73.957989,40.800789,-73.958023,40.800806,-73.958066,40.800821,-73.958111,40.800831,-73.958159,40.800836,-73.958207,40.800836,-73.958254,40.800831,-73.958299,40.800821,-73.958342,40.800805,-73.958382,40.800785,-73.958418,40.800761,-73.958448,40.800733,-73.958473,40.800703,-73.958492,40.800669,-73.959636,40.801152,-73.959984,40.8013,-73.961057,40.80179,-73.963867,40.802984,-73.966619,40.804137,-73.966747,40.80419,-73.966794,40.804209,-73.968013,40.804723,-73.968154,40.8048,-73.968181,40.804863,-73.968181,40.804944,-73.968174,40.805039,-73.968125,40.805137,-73.967909,40.805505,-73.967897,40.80555,-73.967901,40.805584,-73.967922,40.805625,-73.96795,40.805654,-73.967997,40.80568,-73.968057,40.805695,-73.968114,40.80571,-73.967979,40.805988,-73.967432,40.806966,-73.967082,40.807506,-73.967018,40.807614,-73.966826,40.807863,"
"8372826B55E99F2DB075B1AB9C087D12","2013-01-13 09:48:00","2013-01-13 10:05:00","1","6.32","-73.995714,40.759295,-73.995473,40.759626,-73.996072,40.759877,-73.996381,40.760007,-73.998329,40.760828,-73.999804,40.761438,-74.001062,40.761957,-74.000925,40.762068,-74.00031,40.762541,-74.000212,40.762607,-73.999689,40.762978,-73.999587,40.763055,-73.999457,40.763153,-73.999285,40.763309,-73.999139,40.763439,-73.998969,40.763618,-73.998779,40.763842,-73.998564,40.764142,-73.998495,40.764239,-73.998047,40.764868,-73.997755,40.765288,-73.997658,40.765402,-73.997594,40.76549,-73.997155,40.766101,-73.996728,40.766657,-73.996685,40.766714,-73.99623,40.767346,-73.995809,40.767912,-73.995776,40.767967,-73.994908,40.76916,-73.99486,40.769229,-73.994795,40.769353,-73.994671,40.769561,-73.994574,40.769907,-73.994563,40.770005,-73.994438,40.770668,-73.994396,40.770913,-73.994336,40.771199,-73.994233,40.771478,-73.994096,40.771796,-73.993892,40.772105,-73.993341,40.772843,-73.993222,40.77301,-73.992912,40.773448,-73.99189,40.775008,-73.991169,40.776015,-73.990474,40.776951,-73.988654,40.779304,-73.987968,40.780246,-73.987693,40.780578,-73.987393,40.780896,-73.987361,40.78093,-73.987075,40.781241,-73.986783,40.78154,-73.986586,40.781793,-73.985281,40.783606,-73.984087,40.785298,-73.983999,40.785417,-73.983862,40.78562,-73.983711,40.785842,-73.983496,40.786217,-73.983321,40.786572,-73.98316,40.786941,-73.982924,40.787563,-73.982659,40.78824,-73.982337,40.789026,-73.982011,40.789657,-73.981651,40.790306,-73.981307,40.790865,-73.98087,40.791509,-73.980217,40.792399,-73.979668,40.793062,-73.979332,40.793441,-73.978912,40.793864,-73.978678,40.794086,-73.978449,40.794289,-73.978195,40.794506,-73.977865,40.794774,-73.977261,40.795257,-73.976892,40.795563,-73.976624,40.795793,-73.976473,40.795868,-73.97634,40.795951,-73.976137,40.796121,-73.976064,40.79617,-73.975999,40.796196,-73.975941,40.796214,-73.975862,40.796225,-73.975767,40.796225,-73.975656,40.796218,-73.975545,40.7962,-73.975311,40.796138,-73.974735,40.795896,-73.973207,40.795253,-73.971919,40.79471,-73.971815,40.794666,-73.971682,40.794611,-73.971226,40.795291,-73.970747,40.795924,-73.969408,40.795358,-73.96895,40.795986,-73.968472,40.796641,-73.96803,40.797247,-73.967575,40.79787,-73.967114,40.798501,-73.966655,40.799129,-73.966197,40.799757,-73.965705,40.800431,-73.965211,40.801107,-73.964755,40.801732,-73.96429,40.802369,-73.963867,40.802984,-73.961057,40.80179,-73.959984,40.8013,-73.959636,40.801152,-73.958492,40.800669,-73.958503,40.800639,-73.958508,40.800608,-73.958509,40.800577,-73.958504,40.800545,-73.958494,40.800515,-73.958479,40.800486,-73.958459,40.800458,-73.958435,40.800433,-73.958407,40.80041,-73.958375,40.80039,-73.95834,40.800373,-73.958303,40.80036,-73.958264,40.80035,-73.958223,40.800344,-73.95818,40.800342,-73.958137,40.800344,-73.958095,40.800351,-73.958054,40.800362,-73.958011,40.800379,-73.957972,40.8004,-73.957937,40.800426,-73.957908,40.800455,-73.957885,40.800487,-73.957868,40.800521,-73.955389,40.799481,-73.955208,40.799405,-73.954787,40.799989,-73.9543,40.800617,-73.953829,40.801242,-73.953371,40.80187,-73.952931,40.802492,-73.952618,40.802962,-73.952456,40.803187,-73.950244,40.80226,"
"E885DF6A2B39A7CBFDDDDEE03E741934","2013-01-13 00:36:00","2013-01-13 00:41:00","5","0.74","-73.983838,40.759699,-73.98317,40.759416,-73.981341,40.758645,-73.979445,40.75785,-73.979274,40.757778,-73.978116,40.757284,-73.978565,40.756654,-73.979024,40.756032,-73.977417,40.755354,-73.976516,40.754974,-73.976974,40.754349,-73.977432,40.753717,-73.977663,40.753394,"
"A00DB24BBFAAE27E5CDAF6150C642B03","2013-01-13 00:14:00","2013-01-13 00:22:00","1","2.11","-73.978464,40.748129,-73.978788,40.747684,-73.979238,40.747068,-73.979724,40.746402,-73.980209,40.745734,-73.980655,40.745131,-73.981109,40.744498,-73.98156,40.743882,-73.982009,40.743265,-73.983627,40.743945,-73.984078,40.743326,-73.984529,40.742708,-73.984977,40.742089,-73.985428,40.741471,-73.985879,40.740853,-73.986359,40.740196,-73.986849,40.739522,-73.987302,40.738901,-73.987726,40.738317,-73.988152,40.737729,-73.988578,40.737147,-73.989045,40.736546,-73.989158,40.736392,-73.989455,40.735987,-73.989916,40.735349,-73.99011,40.735188,-73.990209,40.735108,-73.990368,40.735011,-73.990404,40.734989,-73.990453,40.734959,-73.99063,40.734868,-73.990752,40.734816,-73.991395,40.735081,-73.991692,40.735204,-73.993618,40.736,-73.994118,40.735313,-73.994585,40.734672,-73.99505,40.734034,-73.995489,40.733437,-73.995914,40.732847,-73.999019,40.734149,-73.999188,40.734134,-73.999653,40.73407,-74.000371,40.73397,-74.001205,40.733843,-74.001639,40.733697,-74.002422,40.733424,"
"7E1F23B2F2E4935FD2FA222EAE4C9D74","2013-01-13 00:38:00","2013-01-13 00:41:00","2","0.82","-73.948897,40.78165,-73.9466,40.780679,-73.944338,40.779723,-73.944191,40.77976,-73.944082,40.779777,-73.943951,40.779755,-73.943846,40.779667,-73.943671,40.779469,-73.943422,40.778937,-73.94319,40.778423,-73.942978,40.777878,-73.942799,40.777349,-73.9427,40.777036,-73.942651,40.776799,-73.942628,40.776585,-73.942609,40.776305,-73.942619,40.77606,-73.942655,40.775811,-73.94272,40.775549,-73.942815,40.775296,-73.942916,40.77507,-73.943033,40.774881,-73.943182,40.77466,-73.943317,40.774494,-73.944254,40.773337,-73.944807,40.772724,-73.945407,40.772224,-73.946099,40.771749,-73.946482,40.771482,-73.947102,40.770861,-73.947729,40.770165,-73.948373,40.769483,-73.949085,40.768722,-73.949351,40.768391,-73.949832,40.76776,-73.95039,40.76713,-73.95063,40.766831,-73.951013,40.766539,-73.951548,40.765927,-73.951845,40.765566,-73.952098,40.765257,-73.952156,40.765282,-73.952474,40.765417,-73.954248,40.766165,-73.953748,40.766855,-73.953708,40.766838,"
"C14289566BAAD9AEDD0751E5E9C73FBD","2013-01-13 10:03:00","2013-01-13 10:08:00","1","0.89","-73.980377,40.72622,-73.980768,40.725685,-73.981211,40.725073,-73.982359,40.725565,-73.983535,40.726053,-73.985753,40.726988,-73.988119,40.727986,-73.989805,40.728696,-73.990366,40.728932,-73.99062,40.728532,-73.990836,40.728402,-73.991028,40.728158,-73.991263,40.72786,-73.991352,40.727708,-73.991475,40.727523,-73.991603,40.727114,-73.991856,40.726419,-73.99364,40.727289,-73.99419,40.727564,-73.994758,40.727822,-73.995046,40.72795,"
"8C03E2359159505D810E4F5B995D3676","2013-01-13 10:03:00","2013-01-13 10:06:00","1","0.88","-73.979287,40.762685,-73.978601,40.762396,-73.975373,40.76104,-73.975831,40.760418,-73.976289,40.759787,-73.976744,40.759165,-73.977201,40.758538,-73.977381,40.758291,-73.977478,40.758158,-73.977655,40.757912,-73.978116,40.757284,-73.978565,40.756654,-73.979024,40.756032,-73.979483,40.755405,-73.979938,40.754782,-73.980395,40.754155,-73.980888,40.753481,-73.981372,40.752814,-73.981822,40.752197,-73.982275,40.751577,-73.983429,40.752065,-73.985488,40.752935,-73.985043,40.753554,-73.984781,40.75392,"
"2FEA0AF4B4BDD3A9B80AEDB37420E7A6","2013-01-13 00:40:00","2013-01-13 00:44:00","3","0.85","-73.977579,40.7582,-73.977478,40.758158,-73.977655,40.757912,-73.978116,40.757284,-73.978565,40.756654,-73.979024,40.756032,-73.979483,40.755405,-73.979938,40.754782,-73.980395,40.754155,-73.980888,40.753481,-73.981372,40.752814,-73.981822,40.752197,-73.982275,40.751577,-73.982724,40.750959,-73.983203,40.750304,-73.983621,40.749724,-73.982024,40.74905,-73.980985,40.748595,"
"4F113FA705089DCA788671B63C766061","2013-01-13 09:58:00","2013-01-13 10:02:00","6","1.45","-73.97061,40.758214,-73.970992,40.758375,-73.972083,40.758836,-73.97247,40.758999,-73.972013,40.759626,-73.971557,40.760251,-73.971101,40.760876,-73.970608,40.761551,-73.969132,40.760929,-73.967533,40.760255,-73.967036,40.760934,-73.966578,40.761558,-73.966128,40.76218,-73.965669,40.762806,-73.965214,40.763432,-73.964756,40.764057,-73.964299,40.764682,-73.963843,40.765308,-73.963388,40.765932,-73.962932,40.766557,-73.962472,40.767188,-73.962018,40.767809,-73.961549,40.768452,-73.961105,40.769061,-73.960604,40.769747,-73.960112,40.770422,-73.959651,40.771053,-73.959176,40.771704,-73.958713,40.772339,-73.958253,40.772969,-73.958253,40.772969,"
"06B7DFBF797E4608418B8335721180D4","2013-01-13 10:02:00","2013-01-13 10:02:00","1","0.0",""
"21F7D9C33000FF1E80A9581AF6BC1A4F","2013-01-13 09:55:00","2013-01-13 10:02:00","1","1.64","-73.97901,40.76339,-73.979245,40.763489,-73.979909,40.763769,-73.980984,40.764219,-73.981441,40.763584,-73.981897,40.762965,-73.982826,40.763355,-73.984741,40.76416,-73.987524,40.765329,-73.987585,40.765354,-73.990425,40.766548,-73.99133,40.766928,-73.991578,40.767034,-73.993263,40.76774,-73.993722,40.767105,-73.994173,40.766505,-73.994649,40.765863,-73.995096,40.765238,-73.995217,40.765073,-73.995545,40.764631,-73.996005,40.764004,-73.996457,40.763378,-73.996925,40.76275,-73.997384,40.762122,-73.997845,40.761505,-73.998329,40.760828,-73.998675,40.760333,"
"9C31E646D1BB22DEA85822A5A4568B2F","2013-01-13 00:15:00","2013-01-13 00:23:00","1","1.2","-73.982601,40.727337,-73.982657,40.727261,-73.98309,40.726666,-73.983535,40.726053,-73.983958,40.725473,-73.984403,40.724863,-73.984837,40.724269,-73.985286,40.723649,-73.985752,40.723009,-73.98622,40.72235,-73.986274,40.72228,-73.987098,40.72254,-73.987845,40.722768,-73.988549,40.722982,-73.988639,40.723008,-73.988731,40.723036,-73.990235,40.723507,-73.990995,40.723725,-73.991253,40.723812,-73.99251,40.724192,-73.992644,40.724231,-73.993437,40.724505,-73.994143,40.724763,-73.994871,40.725018,-73.995285,40.725151,-73.995812,40.725274,-73.996414,40.725429,-73.996489,40.725447,"
"88526901E19F9EE8513453888BD97943","2013-01-13 00:21:00","2013-01-13 00:25:00","1","0.53","-74.005225,40.720801,-74.005248,40.721025,-74.005292,40.721766,-74.005181,40.721697,-74.004736,40.721417,-74.004635,40.721354,-74.004557,40.721298,-74.003993,40.720899,-74.003929,40.720854,-74.003512,40.720557,-74.003259,40.720377,-74.0026,40.719903,-74.001884,40.719398,-74.002091,40.719153,-74.002538,40.718627,-74.003046,40.718026,-74.003533,40.717449,-74.004026,40.716871,-74.005777,40.717677,-74.005323,40.718274,-74.004807,40.718038,"
"C5C7132CC94667E9F9468476B2250E15","2013-01-13 00:19:00","2013-01-13 00:23:00","1","1.05","-73.942132,40.754308,-73.94243,40.753998,-73.943709,40.752666,-73.943767,40.752606,-73.943837,40.752532,-73.943869,40.752498,-73.944235,40.752108,-73.944297,40.752045,-73.944555,40.751785,-73.945235,40.751094,-73.945656,40.750647,-73.946665,40.749499,-73.947026,40.74909,-73.947109,40.748846,-73.947355,40.748107,-73.947612,40.747342,-73.947833,40.74668,-73.948069,40.745979,-73.948301,40.745286,-73.948507,40.7447,-73.948671,40.744622,-73.950763,40.745046,-73.950763,40.745046,"
"41196E5493047745905908211F50A1A3","2013-01-13 00:16:00","2013-01-13 00:24:00","1","1.66","-73.994454,40.745737,-73.994709,40.745383,-73.995161,40.744763,-73.995645,40.744099,-73.996129,40.743431,-73.99658,40.742811,-73.997007,40.742228,-73.997434,40.741642,-73.997862,40.741056,-73.998287,40.74047,-73.998713,40.739881,-73.999185,40.739243,-73.999684,40.738552,-73.99684,40.737361,-73.993618,40.736,-73.991692,40.735204,-73.991395,40.735081,-73.990752,40.734816,-73.990565,40.734734,-73.989919,40.734461,-73.988779,40.733966,-73.987182,40.733293,-73.987191,40.73328,-73.987683,40.732604,-73.98815,40.731964,-73.988626,40.73131,-73.989053,40.730724,-73.989483,40.730133,-73.989664,40.729885,-73.989902,40.729558,-73.988211,40.728828,"
"313331ED5239D808BCA7444CA77FC69F","2013-01-13 00:18:00","2013-01-13 00:23:00","1","1.53","-73.963658,40.797867,-73.962426,40.797347,-73.960994,40.796745,-73.960535,40.797375,-73.96004,40.798047,-73.959547,40.798725,-73.959124,40.799304,-73.959086,40.799358,-73.958875,40.799639,-73.958632,40.799988,-73.95834,40.800373,-73.958303,40.80036,-73.958264,40.80035,-73.958223,40.800344,-73.95818,40.800342,-73.958137,40.800344,-73.958095,40.800351,-73.958054,40.800362,-73.958011,40.800379,-73.957972,40.8004,-73.957937,40.800426,-73.957908,40.800455,-73.957885,40.800487,-73.957868,40.800521,-73.955389,40.799481,-73.955208,40.799405,-73.954787,40.799989,-73.9543,40.800617,-73.953829,40.801242,-73.953371,40.80187,-73.952931,40.802492,-73.952618,40.802962,-73.952456,40.803187,-73.951941,40.803864,-73.951486,40.804496,-73.951023,40.805117,-73.95057,40.80575,-73.950121,40.806382,-73.949671,40.807012,-73.949207,40.807638,-73.948745,40.808263,-73.948254,40.808942,-73.945482,40.807773,-73.945905,40.807197,"
"9DF23399F590FF90299B248CD294C804","2013-01-13 10:00:00","2013-01-13 10:04:00","1","0.9","-73.969049,40.790979,-73.971769,40.792125,-73.971312,40.792751,-73.970854,40.793378,-73.970364,40.794049,-73.969864,40.794734,-73.969408,40.795358,-73.96895,40.795986,-73.968472,40.796641,-73.96803,40.797247,-73.967575,40.79787,-73.967114,40.798501,-73.966655,40.799129,-73.966197,40.799757,-73.96575,40.800369,"
"72C2C71B7C7D22B5D52F384BE91C8829","2013-01-13 00:33:00","2013-01-13 00:46:00","1","3.05","-73.987996,40.754794,-73.987892,40.75475,-73.988335,40.75413,-73.988787,40.753517,-73.989243,40.752895,-73.989688,40.752289,-73.990134,40.751659,-73.990619,40.750997,-73.991074,40.750295,-73.991563,40.749706,-73.992006,40.749101,-73.992463,40.748469,-73.99291,40.747855,-73.993359,40.747235,-73.993813,40.746618,-73.994262,40.746004,-73.994709,40.745383,-73.995161,40.744763,-73.995645,40.744099,-73.996129,40.743431,-73.99658,40.742811,-73.997007,40.742228,-73.997434,40.741642,-73.997862,40.741056,-73.998287,40.74047,-73.998713,40.739881,-73.999185,40.739243,-73.999684,40.738552,-73.99684,40.737361,-73.993618,40.736,-73.991692,40.735204,-73.991395,40.735081,-73.990752,40.734816,-73.990945,40.733978,-73.991114,40.733214,-73.991281,40.732446,-73.99146,40.731738,-73.991921,40.731166,-73.9924,40.730601,-73.992841,40.730079,-73.993262,40.72958,-73.993747,40.729008,-73.994252,40.728412,-73.994758,40.727822,-73.99527,40.727211,-73.995847,40.726527,-73.996716,40.725502,-73.996821,40.725378,-73.997785,40.724235,-73.998812,40.723021,-73.999853,40.721792,-73.999937,40.721833,"
"3FEB7F9302C83CB699ACAA257134CCB5","2013-01-13 08:31:00","2013-01-13 08:42:00","2","3.42","-74.016434,40.709939,-74.016375,40.710085,-74.015492,40.709888,-74.015302,40.709844,-74.015224,40.709826,-74.015066,40.709856,-74.014719,40.709833,-74.014632,40.710455,-74.014486,40.710969,-74.014447,40.711534,-74.014345,40.711883,-74.014228,40.712155,-74.0141,40.712596,-74.014007,40.712926,-74.013895,40.713324,-74.013834,40.713526,-74.013731,40.713708,-74.013423,40.714434,-74.013216,40.715198,-74.013113,40.71566,-74.012915,40.716395,-74.012787,40.71713,-74.012649,40.717709,-74.01238,40.718906,-74.012346,40.719049,-74.01232,40.719134,-74.012082,40.720186,-74.012055,40.720308,-74.012033,40.720418,-74.011919,40.720957,-74.01178,40.721631,-74.011665,40.722216,-74.011653,40.72231,-74.011636,40.722401,-74.011541,40.722863,-74.011524,40.72298,-74.011387,40.723624,-74.011275,40.72417,-74.011267,40.724274,-74.01125,40.724339,-74.011064,40.725072,-74.011044,40.725168,-74.010927,40.725664,-74.010886,40.725839,-74.010821,40.726153,-74.010538,40.729093,-74.010485,40.729731,-74.010478,40.729823,-74.010418,40.730543,-74.010349,40.731181,-74.010338,40.731287,-74.010332,40.731376,-74.010272,40.732007,-74.010246,40.732286,-74.010229,40.732416,-74.010212,40.732572,-74.01016,40.733145,-74.010109,40.733795,-74.0101,40.733841,-74.010083,40.733945,-74.010061,40.734219,-74.01004,40.734543,-74.00998,40.73522,-74.009971,40.735291,-74.009971,40.735395,-74.00992,40.735974,-74.009834,40.736949,-74.0098,40.737463,-74.009808,40.737554,-74.009811,40.737637,-74.009817,40.737821,-74.009843,40.738023,-74.009894,40.738517,-74.009913,40.738726,-74.00992,40.738985,-74.009885,40.739141,-74.009851,40.739297,-74.009808,40.739421,-74.009748,40.739564,-74.009671,40.739713,-74.009551,40.739915,-74.009439,40.740091,-74.009285,40.740338,-74.009207,40.7405,-74.00913,40.740656,-74.00907,40.740819,-74.009027,40.740975,-74.008959,40.741229,-74.008873,40.741541,-74.008795,40.741866,-74.008716,40.742195,-74.008688,40.742352,-74.008555,40.743036,-74.008537,40.743169,-74.008401,40.743843,-74.008384,40.74394,-74.008272,40.744571,-74.008246,40.744695,-74.008152,40.745241,-74.008126,40.745377,-74.006735,40.744793,-74.006385,40.744646,-74.003542,40.743448,-74.003493,40.743427,-74.000703,40.742254,-73.997862,40.741056,-73.995178,40.739927,"
"26AB00A95EF60968E27B94C6172B289F","2013-01-13 00:00:00","2013-01-13 00:17:00","1","4.38","-74.007207,40.718076,-74.007533,40.717668,-74.007957,40.717122,-74.008378,40.716587,-74.008823,40.716014,-74.009239,40.71552,-74.010968,40.716303,-74.011377,40.716489,-74.011627,40.716602,-74.012589,40.717039,-74.012787,40.71713,-74.012649,40.717709,-74.01238,40.718906,-74.012346,40.719049,-74.01232,40.719134,-74.012082,40.720186,-74.012055,40.720308,-74.012033,40.720418,-74.011919,40.720957,-74.01178,40.721631,-74.011665,40.722216,-74.011653,40.72231,-74.011636,40.722401,-74.011541,40.722863,-74.011524,40.72298,-74.011387,40.723624,-74.011275,40.72417,-74.011267,40.724274,-74.01125,40.724339,-74.011064,40.725072,-74.011044,40.725168,-74.010927,40.725664,-74.010886,40.725839,-74.010821,40.726153,-74.010538,40.729093,-74.010485,40.729731,-74.010478,40.729823,-74.010418,40.730543,-74.010349,40.731181,-74.010338,40.731287,-74.010332,40.731376,-74.010272,40.732007,-74.010246,40.732286,-74.010229,40.732416,-74.010212,40.732572,-74.01016,40.733145,-74.010109,40.733795,-74.0101,40.733841,-74.010083,40.733945,-74.010061,40.734219,-74.01004,40.734543,-74.00998,40.73522,-74.009971,40.735291,-74.009971,40.735395,-74.00992,40.735974,-74.009834,40.736949,-74.0098,40.737463,-74.009808,40.737554,-74.009811,40.737637,-74.009817,40.737821,-74.009843,40.738023,-74.009894,40.738517,-74.009913,40.738726,-74.00992,40.738985,-74.009885,40.739141,-74.009851,40.739297,-74.009808,40.739421,-74.009748,40.739564,-74.009671,40.739713,-74.009551,40.739915,-74.009439,40.740091,-74.009285,40.740338,-74.009207,40.7405,-74.00913,40.740656,-74.00907,40.740819,-74.009027,40.740975,-74.008959,40.741229,-74.008873,40.741541,-74.008795,40.741866,-74.008716,40.742195,-74.008688,40.742352,-74.008555,40.743036,-74.008537,40.743169,-74.008401,40.743843,-74.008384,40.74394,-74.008272,40.744571,-74.008246,40.744695,-74.008152,40.745241,-74.008126,40.745377,-74.008038,40.745883,-74.00786,40.746795,-74.007849,40.746869,-74.007731,40.747504,-74.007696,40.747757,-74.00765,40.748184,-74.007628,40.74846,-74.007674,40.74868,-74.00777,40.74892,-74.007937,40.749253,-74.008032,40.749428,-74.008117,40.749598,-74.008203,40.749806,-74.008238,40.749923,-74.008255,40.750033,-74.008288,40.750275,-74.008255,40.750553,-74.008178,40.750755,-74.008165,40.750786,-74.00786,40.751581,-74.007817,40.751711,-74.007567,40.752394,-74.007293,40.753089,-74.007079,40.753674,-74.007035,40.753777,-74.006993,40.753889,-74.006924,40.754012,-74.006847,40.75413,-74.006701,40.75435,-74.00665,40.754429,-74.005292,40.756289,-74.004887,40.756846,-74.004804,40.756954,-74.004693,40.757097,-74.003779,40.758344,-74.003361,40.758917,-74.003132,40.759252,-74.002599,40.759981,-74.002521,40.760085,-74.002197,40.76054,-74.002121,40.760648,-74.002062,40.760713,-74.001637,40.76132,-74.001529,40.761472,-74.001328,40.76171,-74.001182,40.76186,-74.001062,40.761957,-74.000925,40.762068,-74.00031,40.762541,-74.000212,40.762607,-73.999689,40.762978,-73.999587,40.763055,-73.999457,40.763153,-73.999285,40.763309,-73.999139,40.763439,-73.998969,40.763618,-73.998779,40.763842,-73.998564,40.764142,-73.998495,40.764239,-73.998047,40.764868,-73.997755,40.765288,-73.997658,40.765402,-73.997594,40.76549,-73.997155,40.766101,-73.996728,40.766657,-73.996685,40.766714,-73.99623,40.767346,-73.995809,40.767912,-73.995776,40.767967,-73.994908,40.76916,-73.99486,40.769229,-73.994795,40.769353,-73.994671,40.769561,-73.994574,40.769907,-73.994563,40.770005,-73.994438,40.770668,-73.994396,40.770913,-73.994336,40.771199,-73.994233,40.771478,-73.994151,40.771534,-73.994052,40.771604,-73.99366,40.77216,-73.990913,40.770976,-73.99077,40.771183,-73.990459,40.771621,-73.990332,40.771795,-73.990009,40.77223,-73.989549,40.772866,-73.989092,40.773493,-73.988636,40.77412,-73.988185,40.774749,-73.987735,40.775383,-73.987261,40.776029,-73.986532,40.777013,-73.985952,40.777792,-73.985907,40.777854,-73.98545,40.778481,-73.985044,40.778314,"
"E326F48C0BD31891D29C4A066E580EA0","2013-01-13 00:15:00","2013-01-13 00:18:00","1","0.61","-73.994293,40.724815,-73.994871,40.725018,-73.995285,40.725151,-73.995812,40.725274,-73.996414,40.725429,-73.996716,40.725502,-73.996821,40.725378,-73.997785,40.724235,-73.998812,40.723021,-73.999853,40.721792,-74.000657,40.722183,-74.001403,40.722556,-74.002174,40.72293,-74.002982,40.723308,-74.002409,40.723988,"
"CD5A34827F6540D83DCEBBCBFCC59EC2","2013-01-13 00:19:00","2013-01-13 00:21:00","1","1.07","-73.9759,40.740506,-73.9758,40.740644,-73.975343,40.741274,-73.974678,40.742186,-73.974015,40.743095,-73.973512,40.743782,-73.973027,40.74445,-73.972576,40.745068,-73.972122,40.745685,-73.971679,40.746297,-73.97122,40.746922,-73.970736,40.747517,-73.970494,40.747834,-73.9699,40.748658,-73.967463,40.752007,-73.9669,40.752832,-73.966857,40.752892,"
"0ACC466FE1970FDBFE2F772C1A62F5BF","2013-01-13 09:59:00","2013-01-13 10:04:00","1","1.1","-73.981343,40.761914,-73.981231,40.761867,-73.979517,40.761142,-73.979057,40.761771,-73.978601,40.762396,-73.97814,40.763023,-73.977685,40.763646,-73.977196,40.764324,-73.97668,40.765027,-73.976234,40.765675,-73.973636,40.76457,-73.973331,40.764427,-73.973015,40.764279,-73.971404,40.763598,-73.970954,40.76422,-73.970497,40.764842,-73.970451,40.764905,-73.970084,40.765409,-73.970042,40.765466,-73.969627,40.766034,-73.969585,40.766091,-73.969541,40.766151,-73.969172,40.766657,-73.969127,40.766719,-73.969034,40.766679,-73.968773,40.766569,"
"BE63DAC380EDE4C0D59593C0891B569C","2013-01-13 09:43:00","2013-01-13 10:01:00","1","3.84","-73.952844,40.803356,-73.952778,40.803329,-73.952618,40.803256,-73.952686,40.803167,-73.953123,40.802568,-73.95357,40.801953,-73.954027,40.801325,-73.954484,40.800694,-73.954955,40.800063,-73.955389,40.799481,-73.957868,40.800521,-73.95786,40.800551,-73.957856,40.800581,-73.957857,40.800611,-73.957863,40.80064,-73.957873,40.80067,-73.957888,40.800697,-73.957908,40.800724,-73.957931,40.800748,-73.957959,40.80077,-73.957989,40.800789,-73.958023,40.800806,-73.958066,40.800821,-73.958111,40.800831,-73.958159,40.800836,-73.958207,40.800836,-73.958254,40.800831,-73.958299,40.800821,-73.958342,40.800805,-73.958382,40.800785,-73.958418,40.800761,-73.958448,40.800733,-73.958473,40.800703,-73.958492,40.800669,-73.958503,40.800639,-73.958508,40.800608,-73.958509,40.800577,-73.958504,40.800545,-73.958494,40.800515,-73.958479,40.800486,-73.958459,40.800458,-73.958435,40.800433,-73.958407,40.80041,-73.958375,40.80039,-73.95834,40.800373,-73.958632,40.799988,-73.958875,40.799639,-73.959086,40.799358,-73.959124,40.799304,-73.959547,40.798725,-73.96004,40.798047,-73.960535,40.797375,-73.960994,40.796745,-73.961447,40.796115,-73.961483,40.796065,-73.961905,40.795483,-73.962368,40.794857,-73.962795,40.794274,-73.962857,40.794191,-73.962906,40.794125,-73.963711,40.793019,-73.964188,40.792384,-73.964354,40.792468,-73.965897,40.793122,-73.966291,40.793284,-73.966503,40.793361,-73.967027,40.793542,-73.968037,40.793967,-73.969864,40.794734,-73.971226,40.795291,-73.971329,40.795331,-73.971411,40.795362,-73.972715,40.795932,-73.973207,40.795253,-73.974735,40.795896,-73.975311,40.796138,-73.9755,40.796281,-73.975522,40.796303,-73.975548,40.796341,-73.975571,40.796392,-73.975594,40.796455,-73.975609,40.79651,-73.975645,40.796762,-73.975644,40.797197,-73.975386,40.797536,-73.97529,40.797697,-73.975187,40.797859,-73.975118,40.797958,-73.97499,40.798141,-73.974912,40.798253,-73.97477,40.798461,-73.974749,40.7985,-73.974728,40.798551,-73.974713,40.798601,-73.974705,40.798634,-73.9747,40.798663,-73.9747,40.7987,-73.974712,40.79881,-73.974743,40.79888,-73.974773,40.798926,-73.974803,40.798961,-73.974847,40.798997,-73.974894,40.79903,-73.974964,40.799067,-73.975053,40.799096,-73.97513,40.79911,-73.975222,40.799115,-73.975312,40.799109,-73.975391,40.799095,-73.975502,40.799058,-73.975576,40.799022,-73.975629,40.798986,-73.975683,40.798942,-73.97573,40.798883,-73.97577,40.798818,-73.975792,40.798769,-73.975809,40.798706,-73.97582,40.798638,-73.975821,40.798569,-73.975843,40.79798,-73.975897,40.797629,-73.976008,40.797231,-73.976055,40.796941,-73.976235,40.796635,-73.976436,40.796355,-73.976626,40.796135,-73.976735,40.796025,-73.976918,40.795839,-73.977163,40.795612,-73.977587,40.795232,-73.978335,40.79459,-73.978594,40.794363,-73.978884,40.794109,-73.979139,40.793866,-73.979505,40.793484,-73.979857,40.793094,-73.980183,40.792704,-73.980483,40.79234,-73.980775,40.79195,-73.981119,40.791463,-73.981436,40.790982,-73.981736,40.790495,-73.982123,40.789832,-73.982303,40.789501,-73.982517,40.789039,-73.982754,40.788486,-73.982921,40.78809,-73.983067,40.787687,-73.983206,40.787257,-73.983381,40.786806,-73.983505,40.78652,-73.983625,40.786271,-73.983745,40.786043,-73.983908,40.785783,-73.983987,40.78567,-73.984128,40.785467,-73.984517,40.784906,-73.98517,40.783996,-73.985419,40.783678,-73.985839,40.78306,-73.986337,40.782352,-73.986595,40.781988,-73.986693,40.781852,-73.986895,40.781605,-73.987152,40.781319,-73.987476,40.780975,-73.987813,40.780617,-73.988019,40.780363,-73.988431,40.779837,-73.988946,40.779141,-73.989847,40.777978,-73.990405,40.77727,-73.991118,40.776288,-73.992311,40.774663,-73.993143,40.773467,-73.993547,40.772908,-73.994059,40.772219,-73.994251,40.77194,-73.994439,40.771589,-73.994577,40.771238,-73.994637,40.770978,-73.99468,40.77077,-73.994783,40.770086,-73.994799,40.769976,-73.994903,40.769626,-73.995074,40.769307,-73.995114,40.769249,-73.995955,40.768042,-73.995989,40.76799,-73.99643,40.767429,-73.996908,40.766794,-73.996685,40.766714,-73.994649,40.765863,-73.992652,40.765028,-73.992356,40.764904,-73.991795,40.764669,-73.988951,40.76348,-73.988897,40.763457,-73.987633,40.762929,-73.98729,40.762785,-73.986105,40.762289,-73.98418,40.761484,-73.984047,40.761428,-73.98396,40.761392,-73.983396,40.761157,-73.983259,40.761099,-73.983304,40.761029,-73.983678,40.760527,-73.983723,40.760466,-73.983762,40.760412,-73.984123,40.759905,-73.984174,40.759841,-73.983271,40.759459,"		
"D588948C1EE33D5EE6EB3487D2A85C10","2013-01-13 09:58:00","2013-01-13 10:02:00","1","1.07","-73.964873,40.791744,-73.964707,40.791674,-73.964514,40.7916,-73.964443,40.791584,-73.964383,40.791574,-73.964294,40.791564,-73.964201,40.791561,-73.964115,40.791567,-73.964039,40.791578,-73.96371,40.791647,-73.96337,40.791714,-73.963214,40.791737,-73.963139,40.791741,-73.963065,40.791742,-73.962986,40.79174,-73.962918,40.791735,-73.962867,40.791729,-73.96281,40.791719,-73.962374,40.791578,-73.962062,40.791455,-73.96179,40.791332,-73.961581,40.791231,-73.961326,40.791099,-73.961206,40.79103,-73.961067,40.790946,-73.960832,40.790782,-73.960679,40.790676,-73.960595,40.790619,-73.960485,40.790553,-73.960378,40.790495,-73.96027,40.790442,-73.960169,40.790394,-73.960072,40.790354,-73.959951,40.790309,-73.959847,40.790276,-73.959597,40.790211,-73.959398,40.790171,-73.959187,40.790132,-73.959093,40.790114,-73.958994,40.790094,-73.958883,40.790066,-73.958772,40.790034,-73.958528,40.789954,-73.958261,40.789849,-73.956908,40.789272,-73.956737,40.789159,-73.956616,40.789071,-73.956548,40.789012,-73.9565,40.788963,-73.956465,40.78892,-73.956401,40.78884,-73.956352,40.78876,-73.956325,40.788683,-73.956303,40.788589,-73.956283,40.788465,-73.956267,40.788335,-73.956247,40.788248,-73.956234,40.788213,-73.956211,40.788172,-73.956185,40.788133,-73.956146,40.788093,-73.9561