medallion,hack_license,vendor_id,rate_code,store_and_fwd_flag,pickup_datetime,dropoff_datetime,passenger_count,trip_time_in_secs,trip_distance,pickup_longitude,pickup_latitude,dropoff_longitude,dropoff_latitude
2C1CBC8B0678A4445526F167B45057AE,28941124F6E870BC4AA02F57B09E1932,VTS,1,,2013-01-13 10:27:00,2013-01-13 10:33:00,1,360,.93,-73.992584,40.743206,-73.979897,40.739822
CC96218E72B47110FCD778DB9AAE560D,07375E4F3127EC5354725C1C991C632B,VTS,1,,2013-01-13 10:25:00,2013-01-13 10:29:00,1,240,.80,-73.970741,40.798977,-73.975899,40.78994
B5B2CB8B79EBD8F8FB54CD275BCC9BB6,D178649FB77744321E3454197D58C775,VTS,1,,2013-01-13 10:21:00,2013-01-13 10:31:00,1,600,2.70,-73.994949,40.75552,-74.001694,40.724571
E088F1ADBC5962AC31E8721FFAE337A6,DA5BF1C67630F74A684404592F47128C,VTS,1,,2013-01-13 10:19:00,2013-01-13 10:34:00,5,900,5.36,-73.920532,40.743649,-73.994843,40.725147
BB02801F232FE86D4F1897BAF69D4AA8,E29C6F42D20E3D696BB346A0E762D5FA,VTS,1,,2013-01-13 10:29:00,2013-01-13 10:33:00,2,240,.98,-73.990845,40.75663,-73.981354,40.760529
C1DCFD0D91D7ACE813AFB545907BC433,077417D58D4A6A01BF8234BC726A3002,VTS,1,,2013-01-13 10:25:00,2013-01-13 10:32:00,1,420,1.64,-73.966484,40.759899,-73.98027,40.748344
90666ADD2A1A29EF574FE51A6D903097,3B8C449B8098315DBC5CBF69D241890D,VTS,1,,2013-01-13 10:31:00,2013-01-13 10:35:00,6,240,.82,-73.973,40.743271,-73.999062,40.761917
0901A56EF820DE0A2F999426B5B3DDAE,15589D617DB1B13418DE284711599A7D,VTS,1,,2013-01-13 10:14:00,2013-01-13 10:30:00,5,960,5.39,-73.973839,40.758022,-73.907333,40.777134
F865789AEA73DF9A5CDECE38BC5BB3B5,73AFB78D19CDE621A984693A69BE691F,VTS,1,,2013-01-13 10:31:00,2013-01-13 10:36:00,3,300,1.06,-73.997154,40.722137,-73.990479,40.733799
BC3A3D1BECC84F0FAAEAC0F725FC221E,D1CD6337D73853AEC9E7FCFCEEC14ABB,VTS,1,,2013-01-13 10:30:00,2013-01-13 10:36:00,1,360,1.10,-73.994514,40.741516,-74.008209,40.735661
13C1BCFC3B73B6ADBA4212B1CC7AA615,20ED5F2589A40E8369E552EA9EFB763C,VTS,1,,2013-01-13 10:19:00,2013-01-13 10:37:00,2,1080,9.37,-73.97953,40.74649,-73.870277,40.773144
C6F764385EAF6CA7A5A24D2CC64C75EF,B33A6D8D11A7228BA67BFCFC48B992DA,VTS,1,,2013-01-13 10:29:00,2013-01-13 10:37:00,1,480,2.24,-73.975945,40.77631,-73.958084,40.800381
FB7BD053E8340DF0CD840D62D646173C,8DCEFA56DDE6619B35D24C51C4B7449B,VTS,1,,2013-01-13 04:41:00,2013-01-13 04:45:00,1,240,1.83,-74.005074,40.740898,-73.996613,40.760151
52296C2785890B4BAF74FBAB74141A5E,D1C13DD029180ACF9F77E0B14FAE02D1,VTS,1,,2013-01-13 04:12:00,2013-01-13 04:46:00,1,2040,11.83,-73.956444,40.714176,-73.918983,40.768024
E5044EC4A438E0715E1C21590BC3EFF7,4277D4DA08B3AFED2D6DA076EDF6B802,VTS,1,,2013-01-13 04:40:00,2013-01-13 04:45:00,1,300,1.00,-73.952049,40.7812,-73.953735,40.790737
F42B669EB2694544EC745820491DB6C7,88043C20530DB08F2E587A9031C2A166,VTS,1,,2013-01-13 04:32:00,2013-01-13 04:48:00,1,960,6.17,-73.996368,40.73793,-73.923836,40.768093
23741401A758FA92491AA753522F269E,DE55EF1ECD21286D0DAF039E9675376E,VTS,1,,2013-01-13 04:32:00,2013-01-13 04:47:00,2,900,5.80,-74.00489,40.729809,-73.971893,40.797104
0964BAF015F74B4E628615EAFD0E2D57,7E66412D458E5647D89606082F91A5F4,VTS,1,,2013-01-13 04:32:00,2013-01-13 04:44:00,1,720,1.53,-73.988075,40.75452,-73.999977,40.743553
079E2EE80E3CFA17EB826FDF4DF66C36,9B252C27B869F8A7353A10999EFC578F,VTS,1,,2013-01-13 04:34:00,2013-01-13 04:46:00,1,720,3.87,-73.993317,40.719948,-73.934441,40.694775
CF84D983084C96BF9095C8DB4B84C282,ED791FF6FA6014AAD926777ECBBB6073,VTS,1,,2013-01-13 04:44:00,2013-01-13 04:47:00,1,180,.69,-73.958855,40.716721,-73.958084,40.710545
FBD6BE28068AB2086AE2CE3176E3DA80,02B1C74D9F33D90C8852DB878AF2B66C,VTS,1,,2013-01-13 10:25:00,2013-01-13 10:35:00,1,600,2.15,-73.998528,40.75695,-73.99321,40.737617
AD7F4B3C2892DABC703C7F5A73A59897,3D7F7207EDEB720CD19D7F8D1BA2BC78,VTS,2,,2013-01-13 10:05:00,2013-01-13 10:33:00,5,1680,17.23,-73.992088,40.759056,-73.791519,40.644604
FAE8321D1D3EFE36F973B7F573BCABDC,CC567AC0523B8EE2DBB2B83298027049,VTS,1,,2013-01-13 10:23:00,2013-01-13 10:32:00,1,540,2.97,-73.970627,40.749149,-73.950302,40.78363
20E769FDE5E85BE68DCB2B14DC7126D1,5A6DA15CF175206E5E17A6D7627935F6,VTS,1,,2013-01-13 10:28:00,2013-01-13 10:31:00,5,180,.85,-73.98513,40.744469,-73.988731,40.738033
81EE52118846F231A6921B307C85D98E,E8535D383CBA06252708E374F12C7E55,VTS,1,,2013-01-13 10:21:00,2013-01-13 10:30:00,1,540,1.73,-73.963425,40.769604,-73.973816,40.784248
C9D80ABF46698CC04CBB518530A35802,3F6BA60E68791D6140ABB56DF66BF712,VTS,1,,2013-01-13 10:13:00,2013-01-13 10:35:00,5,1320,6.46,-74.002861,40.76033,-73.996117,40.690781
7181737C1274E597B4C054D185748A62,8E55B9B8E6C2C1672E578C06BF3F730D,VTS,1,,2013-01-13 10:21:00,2013-01-13 10:32:00,1,660,3.37,-74.00663,40.731014,-73.974785,40.763401
357D8F7FFACB5A5547BA6F2F4F29A1D9,53181DF76AF4FB42689FC33988FEADD5,VTS,1,,2013-01-13 10:23:00,2013-01-13 10:30:00,1,420,1.43,-73.963326,40.764423,-73.955307,40.770287
12BB7274B589C816D966B81037AA59C7,672E2ED19B4ED5159D9C2396C20822BA,VTS,1,,2013-01-13 10:25:00,2013-01-13 10:32:00,1,420,1.04,-73.979553,40.742767,-73.994423,40.750568
0E0569377FEAE2A65216459409656B05,754D328E223D507A668F0B94C0479904,VTS,1,,2013-01-13 10:26:00,2013-01-13 10:34:00,5,480,1.73,-73.982452,40.723309,-73.986374,40.740303
9AE4E5913011D9842C31F8D120697F5B,191F9FA1FCB4C083E571CE62418037B7,VTS,2,,2013-01-13 10:05:00,2013-01-13 10:34:00,1,1740,18.87,-73.804657,40.650089,-73.966782,40.799061
8E38C50BAA33C67E44678D7D18B87B54,4E3AA1185615CEED03BB1DC7A94030D0,VTS,1,,2013-01-13 10:22:00,2013-01-13 10:32:00,5,600,3.06,-73.982697,40.723381,-74.008392,40.707542
149298F6D390FA640E80B41ED31199C5,2B02144C5BAC85D9AF16620B55189491,VTS,1,,2013-01-13 10:13:00,2013-01-13 10:30:00,2,1020,3.13,-73.978477,40.746571,-74.01075,40.718456
A42487000E5D56414E028EE0252D45CE,4BAC4571DDD59035F2C8DF193ED1660D,VTS,1,,2013-01-13 10:27:00,2013-01-13 10:32:00,1,300,1.30,-73.979691,40.781231,-73.985909,40.767506
4D24F4D8EF35878595044A52B098DFD2,EEF7A2EC022DA207C643827D661999EC,VTS,1,,2013-01-13 10:23:00,2013-01-13 10:33:00,1,600,1.11,-73.946457,40.772728,-73.954819,40.77784
BF9CE67F2D9782421BD8F39B4C0B15EA,E2BC338B48D98696D83076CFA9952B48,VTS,1,,2013-01-13 10:21:00,2013-01-13 10:27:00,1,360,1.66,-73.983269,40.756737,-73.981064,40.767841
160801778A042001E99C5C008F02A324,5D2CE9803DF6C0CC36EA528C2803F64E,VTS,1,,2013-01-13 11:13:00,2013-01-13 11:19:00,2,360,1.64,-74.011086,40.728298,-74.015961,40.707836
581F7B53AA300DE1B19CF065C420941E,82A91D44FEABD0A9AF62D1B3B3B14B92,VTS,1,,2013-01-13 11:08:00,2013-01-13 11:13:00,3,300,.97,-73.987709,40.73864,-73.998497,40.734016
E661B8FDCFC87DBFC9BB6C5F9D393F69,EE6D5C1524E7A23F7135BC55AA4F276E,VTS,1,,2013-01-13 11:05:00,2013-01-13 11:11:00,1,360,1.45,-74.003731,40.722507,-74.007996,40.707317
B6FD1C9011263F24757D35BE543D02A0,3265CED2F54B1040EEFD387052D48163,VTS,1,,2013-01-13 11:03:00,2013-01-13 11:12:00,2,540,2.05,-73.971054,40.782997,-73.948593,40.782413
1B1702630D5909904528C2B149427B5D,02B77A38ED5E17AD49288712B4519F36,VTS,1,,2013-01-13 11:22:00,2013-01-13 11:28:00,1,360,1.04,-73.973885,40.751766,-73.98745,40.758553
40276740E070731293B69358A15550BC,6B1DA571F258A28B99A32588BBA96868,VTS,1,,2013-01-13 10:50:00,2013-01-13 11:11:00,2,1260,9.70,-73.991547,40.756454,-73.871628,40.774368
E79F27D39B6F2E521F19EB482BAA72FD,0238047A5834FF6524C69E811F873D5A,VTS,1,,2013-01-13 11:00:00,2013-01-13 11:14:00,5,840,4.04,-73.954346,40.774303,-73.955605,40.775093
1C749482B6DF068B770967736311CB68,6C246B6603D37FABBBDE8A67234DBBF1,VTS,1,,2013-01-13 11:12:00,2013-01-13 11:15:00,3,180,.66,-73.99015,40.762501,-73.985748,40.763924
68AF096FFBF446F1FB7281EFC9748734,FAB5E0EBF34BDB3FF680CF9CEE063D82,VTS,1,,2013-01-13 11:12:00,2013-01-13 11:14:00,1,120,.28,-73.951561,40.769932,-73.949265,40.773338
21AF1D87DCDA4F7A5F5479AE7EC8B45D,B7CE98137378F42323906B103AD70355,VTS,1,,2013-01-13 11:02:00,2013-01-13 11:14:00,1,720,2.59,-73.990463,40.746208,-74.010483,40.718319
54682A1F241370DE48C872FE5647D2AC,20CF56BD81E26C1935EA96F917066805,VTS,1,,2013-01-13 11:10:00,2013-01-13 11:15:00,1,300,1.06,-73.973747,40.779564,-73.961525,40.780334
5D4C105C32FB4E64D50BC8EC88AE4C41,F3B4361352C6E688A8A72D6C7933B669,VTS,1,,2013-01-13 11:17:00,2013-01-13 11:21:00,6,240,.77,-73.973068,40.795429,-73.976486,40.786636
A5179D5A72336EEDFDF90C60CAE1EA6F,A85B8B27EB885A661EF9E3E4E260EFCE,VTS,1,,2013-01-13 10:58:00,2013-01-13 11:12:00,6,840,3.77,-74.009789,40.722054,-73.996384,40.690884
31854227FBB0CAFB9BDB865C2BACA8FF,4160CA76A52483A6A26015CAE46367CA,VTS,1,,2013-01-13 11:08:00,2013-01-13 11:16:00,6,480,1.90,-73.965965,40.768127,-73.975761,40.781517
A5C6F0FC150417517C2894400795B1F8,97336339EBD6E99950B8D11E083E932B,VTS,1,,2013-01-13 11:12:00,2013-01-13 11:16:00,1,240,.93,-73.991493,40.750195,-73.98114,40.753235
0B3D3D51C78E944F68DC04209E86D5F7,E1854037AF1B2A984F3C56208C66539D,VTS,1,,2013-01-13 11:05:00,2013-01-13 11:11:00,5,360,1.15,-73.99144,40.750179,-73.980179,40.758667
AE737058D42C1B29E574988E381638D2,56C823AE73F65A54750A7689506B36B2,VTS,1,,2013-01-13 10:30:00,2013-01-13 10:35:00,1,300,1.09,-73.997795,40.756409,-73.987785,40.769733
8A9167F9028DAD6758688CC9D0B47061,72217813CB558C68BD885C8A5DDA4ABC,VTS,1,,2013-01-13 10:22:00,2013-01-13 10:31:00,5,540,2.57,-73.977928,40.730007,-73.982079,40.742966
8F42D6096ACD62275A983B7A66B1E30C,6924138D21A0EF8114248D46CF92D7A5,VTS,1,,2013-01-13 10:29:00,2013-01-13 10:33:00,1,240,.74,-73.956001,40.775826,-73.963585,40.773678
FBC9FC61A592611377F7BF07F43B03A5,5DD6D7AE462C1AEC0B364990D3EC72E0,VTS,1,,2013-01-13 10:26:00,2013-01-13 10:33:00,6,420,1.43,-73.990822,40.756607,-73.992363,40.745541
1D4B6B729241B41DD3209750F0A31C36,FCF5B47B84EC9AE17BBF8498D4AC1BA2,VTS,1,,2013-01-13 10:31:00,2013-01-13 10:36:00,5,300,1.37,-73.987686,40.765339,-73.991272,40.750648
0B3FAB0F479B74ECFDB842356299CA28,F8F334BD7A3AAFD6D04089FA22EDEB62,VTS,1,,2013-01-13 10:28:00,2013-01-13 10:30:00,1,120,.58,-73.982635,40.775333,-73.981163,40.779541
F875AAD18EA9794E0A9748A071C75E39,D4B558D3E7A4ECAAB98FCC9DBFE9A1C6,VTS,1,,2013-01-13 10:30:00,2013-01-13 10:33:00,4,180,.77,-73.907463,40.753597,-73.899254,40.754063
EA1FC40D75E11B69F59E12B720F201D5,F25F673D06BDA4ABF38E46A1EDC8C90C,VTS,1,,2013-01-13 10:23:00,2013-01-13 10:31:00,1,480,1.82,-73.966118,40.768082,-73.981468,40.747128
67108EDF8123623806A1DAFE8811EE63,36C9437BD2FF31940BEBED44DDDDDB8A,VTS,5,,2013-01-13 04:58:00,2013-01-13 04:58:00,1,0,.00,0,0,0,0
DC4867C1F2D5D29864418704C0012D64,946438FB059349E669781CE23362A176,VTS,1,,2013-01-13 10:28:00,2013-01-13 10:34:00,5,360,1.68,-73.981934,40.736599,-74.00042,40.727337
11B683D81211E96F472173C69D4632D6,EE9866FF77326FDE63A01BF978AA868E,VTS,1,,2013-01-13 10:18:00,2013-01-13 10:28:00,1,600,2.05,-73.961708,40.720963,-73.996887,40.72541
AE180C094A3671481FC03744A654A7BE,F3B595F74E76AEEEC7A16AF3AB268CA5,VTS,1,,2013-01-13 10:22:00,2013-01-13 10:35:00,1,780,3.17,-73.981422,40.763981,-73.999214,40.728294
9A32ECEE9D98D519EF65B13B582668EB,6D9DD09BE4C91A9B39E1C48C961F23BE,VTS,1,,2013-01-13 10:25:00,2013-01-13 10:30:00,1,300,.93,-73.998329,40.726372,-73.99321,40.734951
310BD49048FEFE1DC327D71B14EE30F6,4223FD364A35693A279FBFB8F36DDC8F,VTS,1,,2013-01-13 10:25:00,2013-01-13 10:32:00,5,420,1.67,-73.971191,40.795647,-73.963005,40.781704
89869CF6A1FAF103935C245D34DF59A6,33A0685563EE0D6718D11D90695F774C,VTS,1,,2013-01-13 10:25:00,2013-01-13 10:32:00,2,420,1.04,-73.99498,40.760612,-73.978912,40.75576
2B6C00D2BC33F165F39B8751FD898F26,5D8FBDC9C9DA9DCA65BF8207864BEBEE,VTS,1,,2013-01-13 10:28:00,2013-01-13 10:35:00,2,420,1.69,-74.005142,40.728653,-73.99263,40.723721
B91CBA168CDFF29638EF93E7F4D50E55,D03BCD997D8CEE75125577A9EDCB01D5,VTS,1,,2013-01-13 10:33:00,2013-01-13 10:36:00,2,180,.65,-73.990601,40.740677,-73.991447,40.733555
DB1807FC8FA867820D8607EAE95E2E2E,82676D73DDA0718031F1AE31A7EFAA2D,VTS,1,,2013-01-13 10:27:00,2013-01-13 10:36:00,2,540,1.48,-73.947578,40.771076,-73.960991,40.782032
F4E581BB51B26B6311826622034AD695,3A929C37D8624B724380E165DF8DEF0E,VTS,1,,2013-01-13 10:14:00,2013-01-13 10:36:00,6,1320,9.69,-73.984673,40.744621,-73.87384,40.771481
77F1AD483A34A97E9D6A4AFEE95C7A4A,AE800735BA85FB0F53AE9C1FA23EA33E,VTS,1,,2013-01-13 10:30:00,2013-01-13 10:35:00,1,300,.85,-73.989189,40.721348,-73.999832,40.727028
13161340C7ACC3E435FB6DC0042C72A2,876DFF7A83A1221F00BBAA8B05E5C81B,VTS,1,,2013-01-13 10:26:00,2013-01-13 10:35:00,1,540,3.47,-74.00779,40.723164,-73.978386,40.753166
D3E6D6F6B353CE1422A43171A127C542,1927408F733BC1F82C711C8AECE7A832,VTS,1,,2013-01-13 10:35:00,2013-01-13 10:38:00,5,180,.27,0,0,0,0
2CCB6C8BC529CF38EB7AAAA3C8B3A427,9E95FBECDD2D749CE61114AE889C672D,VTS,1,,2013-01-13 10:27:00,2013-01-13 10:34:00,6,420,2.26,-73.965073,40.79174,-73.948456,40.809166
1BB23673B2BE62A5A031BAD00C7DEE8E,3BBB03C37271E654C1A6C57391F1A028,VTS,1,,2013-01-13 10:37:00,2013-01-13 10:40:00,3,180,.38,-73.986244,40.750443,-73.991814,40.749779
1B208E4003BAB08E4B77DDCCF722ABCE,4027AC0C230411EE4106E0071B7EDAB5,VTS,1,,2013-01-13 10:28:00,2013-01-13 10:33:00,1,300,1.28,-73.997917,40.745975,-73.984642,40.754425
F5728B9525B241FA3B3FDAFA7B1D1018,C23B232CE5B16C5D5B185B46C8052F75,VTS,1,,2013-01-13 10:32:00,2013-01-13 10:40:00,1,480,2.09,-73.982651,40.767658,-73.997665,40.747437
B6CAFD8605B1122192E0B01B5DF3A698,F15E9375DE5B941FF515FBD2584CB100,VTS,1,,2013-01-13 10:34:00,2013-01-13 10:37:00,1,180,.69,-73.977333,40.774422,-73.980347,40.780479
57E0853CE50CAEBBB249D42C5D96FD4C,31F12F4CC223E11520A99DCFD513735B,VTS,1,,2013-01-13 10:27:00,2013-01-13 10:36:00,1,540,2.23,-73.988739,40.748577,-73.978355,40.761307
E15B018104182FAD301CFA1CD0B9C4EE,284FDAC27A38E2DF9D1EA9B42DDE996A,VTS,1,,2013-01-13 10:19:00,2013-01-13 10:37:00,2,1080,4.17,-73.98468,40.769444,-73.990944,40.724167
05296CB5EF8FD032301A53748CA26243,CDCE28258D080D857AE747B80363AD89,VTS,1,,2013-01-13 10:37:00,2013-01-13 10:39:00,1,120,.30,-73.976074,40.789448,-73.978157,40.78677
8F6E5DD8FDCB4A4A893D6CA97DCC0F60,55038215C2908A76B1AFAFC5754666CE,VTS,1,,2013-01-13 10:41:00,2013-01-13 10:44:00,1,180,.51,-73.96225,40.768013,-73.958069,40.773289
CAAAEB4D25A77FE96A5A5BF1A427B3EC,EE0E8C6B8A47FFF3FEE536D74684ADCF,VTS,1,,2013-01-13 10:29:00,2013-01-13 10:40:00,1,660,3.08,-73.990952,40.728363,-73.995895,40.758141
D225B988186CB582C18391E1FE074B93,8055C6124C4D8C93269DD451F3603CED,VTS,1,,2013-01-13 10:57:00,2013-01-13 11:10:00,2,780,3.33,-73.981499,40.782295,-73.945198,40.799648
419C8B9879124668807EEAE9DCE145C7,B1F6530B4E5B3F02CE062FEA008199C5,VTS,1,,2013-01-13 11:01:00,2013-01-13 11:14:00,2,780,3.18,-73.95842,40.778187,-73.991058,40.748867
6FC85A1A4C9E9824D0D1A10532166A81,DCEC660967D86477A1AD47AB84A4C1A0,VTS,1,,2013-01-13 11:04:00,2013-01-13 11:15:00,1,660,2.21,-73.991089,40.755562,-73.986069,40.776615
74DA41EDA745ED72CEC41C9C4BF3E696,8BD304B834A571C38BF71DDB212ECA17,VTS,1,,2013-01-13 10:58:00,2013-01-13 11:08:00,1,600,.39,-74.014786,40.716366,-73.985764,40.758671
7989C2AB3F345F4AB54D3CF1E0480D67,53BD22B9FE8C6DFA4FF593102A599F3A,VTS,1,,2013-01-13 11:03:00,2013-01-13 11:13:00,1,600,2.10,-73.998863,40.723011,-73.989311,40.743046
18A5CF174D916625073B2D588707040E,59C1C7232A370AB08A9EF59E8E107AAF,VTS,1,,2013-01-13 10:59:00,2013-01-13 11:11:00,1,720,3.02,-74.002022,40.737827,-73.966827,40.752861
4F9B5CF4F0FC8835DF81B36E978A6D52,9AD99D982AD273D72A5A2AC0C3828B1F,VTS,1,,2013-01-13 11:08:00,2013-01-13 11:16:00,1,480,1.78,-73.956017,40.778728,-73.980064,40.78091
2DE190B98E124DBD64B264EC73EF9369,C042EB237F503D2AE6C088DB84A7F65C,VTS,1,,2013-01-13 10:55:00,2013-01-13 11:14:00,2,1140,3.84,-73.977966,40.786526,-73.984566,40.760078
0FD158CFBA799B218AE742D57EB23971,76372F076D5A6B5E34131B2CD53B4163,VTS,1,,2013-01-13 11:08:00,2013-01-13 11:12:00,1,240,.90,-73.97905,40.762352,-73.97728,40.757496
3852A1BDE367F100D6C3F5382B47792E,5A5FF5A7568AD7FA362D28AFC32FBC86,VTS,1,,2013-01-13 11:11:00,2013-01-13 11:15:00,1,240,.71,-73.953552,40.767731,-73.960831,40.760792
91E26392B0FB090B4E2F95ADBEFAA71D,847DA7AD8B8B97A7E97A90F086C87352,VTS,1,,2013-01-13 10:59:00,2013-01-13 11:14:00,1,900,2.81,-73.974251,40.782784,-73.994743,40.750393
0DA4F55ADA2EF6457710CC9871C9E55A,2A73CE69D8179429C7C9D81112F64EDF,VTS,1,,2013-01-13 11:08:00,2013-01-13 11:14:00,1,360,.96,-73.993332,40.752476,-73.982185,40.758583
E468BC1A4499835E17A6D7300887A16B,0BA3C7A68A2A220173BA4ED252A75874,VTS,2,,2013-01-13 10:43:00,2013-01-13 11:11:00,2,1680,18.74,-73.786369,40.641548,-73.939316,40.820946
A5D941D4834813EF4C394713A613A93E,A80601BDCC989F498D0EEDF9700EEA92,VTS,1,,2013-01-13 11:00:00,2013-01-13 11:14:00,1,840,7.81,-73.872932,40.774105,-73.952042,40.784496
2F6EB85DA7DA06D0523846692010C631,B016CE8A97FD71A9483EB9CA85375A43,VTS,1,,2013-01-13 10:53:00,2013-01-13 11:11:00,1,1080,10.75,-73.872948,40.774044,-73.982903,40.75988
42F3B79B88D7785CC10FC4462BEB1939,39939B11576CB2A35F6833BDF416F65A,VTS,1,,2013-01-13 10:57:00,2013-01-13 11:08:00,1,660,2.85,-73.988945,40.775242,-73.990143,40.745125
057C136D1166F540F43DAED0807328B2,6AA39B27923B374E687D61581B6C8529,VTS,1,,2013-01-13 10:54:00,2013-01-13 11:15:00,2,1260,9.67,-73.863144,40.769646,-73.991592,40.754215
550573BFDA50C741C1D5B634FADAE39D,0BD0B8478CB47CFE7718ED8F3B7C0C07,VTS,1,,2013-01-13 11:00:00,2013-01-13 11:10:00,2,600,2.45,-73.954697,40.769817,-73.981064,40.750282
0E97EE91E9FC3335A9328334B6B516FB,3F355950613B796E459558BB7EA2E375,VTS,1,,2013-01-13 11:03:00,2013-01-13 11:15:00,1,720,3.83,-73.985596,40.717533,-73.95446,40.68729
8BC9A4DF509EBDA04C1B499D2E1E0D1F,3147DBF069F5748A900789E0188B529A,VTS,1,,2013-01-13 11:07:00,2013-01-13 11:16:00,1,540,1.96,-73.953003,40.771843,-73.969513,40.789547
7CD2DB7F5EF3B4DBD6A6D4A07F89EA4C,7287DB3FAC4F33FF1344E0AB3527983E,VTS,1,,2013-01-13 10:22:00,2013-01-13 10:22:00,1,0,.01,-73.989189,40.747997,-73.989189,40.747997
F5F6C2E6AC24A2DB6E4EABCCC87C8231,1107A8318543CEC46F5115156A32FF19,VTS,1,,2013-01-13 10:17:00,2013-01-13 10:24:00,1,420,1.53,-73.987801,40.745705,-74.007561,40.740864
B79FF3B6DF9018162AF1262D9C6195EB,184B4D7562F2687C022611D68A6A7E46,VTS,1,,2013-01-13 10:11:00,2013-01-13 10:28:00,1,1020,1.63,-73.979118,40.762524,-74.000786,40.758163
0081EFFCBB2AD30F9D85B3A07F5EAB45,0D7D469D08E8CCAF4EC3B8C020463C74,VTS,1,,2013-01-13 10:25:00,2013-01-13 10:29:00,1,240,.64,-73.991531,40.756817,-73.991531,40.756817
92180425A1382148C8224A83C055D619,B5A70E8E2045C81C72AFD8269B3E7E15,VTS,1,,2013-01-13 10:19:00,2013-01-13 10:23:00,2,240,.88,-73.976242,40.757397,-73.983681,40.748459
8DBE6E020258574026304CC4F1BF12E1,E844D56E7BCDE592B3590BD4E42239AC,VTS,1,,2013-01-13 10:22:00,2013-01-13 10:26:00,1,240,1.71,-73.954926,40.777336,-73.940407,40.797401
AD3D59F0D8D1804BFE7F9291093BB96B,A904FE808239CE00B404A33650260D5E,VTS,1,,2013-01-13 10:20:00,2013-01-13 10:26:00,1,360,1.28,-73.976265,40.748871,-73.97171,40.76181
4FDF7467A2038D09DC1089EA72CFBAD2,8B3C9CA6C8A3294886C521C6189AC7ED,VTS,1,,2013-01-13 10:16:00,2013-01-13 10:26:00,1,600,1.47,0,0,0,0
FB508A45765C1B26FDE6634A4B19679D,53CA7A615DA3EBAD4EF257F188533D04,VTS,1,,2013-01-13 10:16:00,2013-01-13 10:27:00,5,660,4.31,-73.962372,40.767651,-73.944748,40.813736
8C00FBD3EABF7B65D4992C9A916AF90F,A046BAAF8DCD4D0A0B7C10E348D0CDD5,VTS,1,,2013-01-13 10:26:00,2013-01-13 10:29:00,2,180,.68,-73.992462,40.743393,-73.994118,40.750221
3A1C120525EFE99779F39B4866001C49,0497BF4359A27160612B0A75A3A20F58,VTS,1,,2013-01-13 10:20:00,2013-01-13 10:26:00,1,360,1.23,-73.982246,40.772598,-73.974625,40.785843
E6872EE57102DD7CE9DD99ED7A598B04,03624263FAE1CF2A637F338AC839CFD1,VTS,1,,2013-01-13 10:21:00,2013-01-13 10:27:00,1,360,.94,-73.98526,40.757061,-73.9916,40.750256
B304299AAB9F5354FAFC3AF25416A764,64757777EDDC557A0532F3E99EBB4AC4,VTS,1,,2013-01-13 10:23:00,2013-01-13 10:30:00,1,420,1.23,-73.975502,40.755913,-73.991341,40.751171
182A5CED314A7B994E6D8D01F375A15A,9ACD00D7E78CF91BDB1D3B7AE79D13EF,VTS,1,,2013-01-13 10:22:00,2013-01-13 10:27:00,1,300,2.29,-73.968246,40.755913,-73.990707,40.733887
3BC850053E2D59CC57E2083F6781ED7F,5B6FA0946DA5343F9FB8C6C000EF6CB4,VTS,1,,2013-01-13 10:21:00,2013-01-13 10:29:00,4,480,1.72,-73.979103,40.777721,-73.968437,40.762123
AADBB1A4EE70610E1BD4A91C74ACA956,CB1FD1CBF7F6F4E3E2687B9141157B5F,VTS,1,,2013-01-13 10:16:00,2013-01-13 10:31:00,6,900,8.80,-73.885284,40.773064,-73.960724,40.762402
91296D6CF20114CDE4289E23A24A8021,FCC02173637DB9D1CD1AB3B0B0D76F01,VTS,1,,2013-01-13 10:15:00,2013-01-13 10:31:00,1,960,9.21,-73.871086,40.773796,-73.963997,40.756672
F49F1F6A52E83A5C0AAE45980174C6D8,669125D639603821F6F3156691ADCDDA,VTS,1,,2013-01-13 10:14:00,2013-01-13 10:31:00,1,1020,4.16,0,0,0,0
E2EA7079E4E1F4883646053179D3C48B,A6F8B3B7CD58E50763674B89EBA7112C,VTS,1,,2013-01-13 10:20:00,2013-01-13 10:31:00,1,660,2.89,-73.981689,40.736713,-73.966949,40.767338
D571E5505D611939C87277AA9ACB3AFA,B596B7991749B35E98F5B84352A82B73,VTS,1,,2013-01-13 10:20:00,2013-01-13 10:31:00,1,660,2.01,-73.985512,40.723343,-73.992882,40.743061
990615FE9DE11BF0052D83A735D71709,C61FB3BD3F84AA43D76808351EAE3715,VTS,1,,2013-01-13 10:20:00,2013-01-13 10:26:00,1,360,1.69,-73.998886,40.760616,-73.982704,40.766586
7A786DEAECF59A0905379713DE18AB85,C202C983CCC40D069AA83CEE78801304,VTS,1,,2013-01-13 10:25:00,2013-01-13 10:31:00,6,360,1.40,-73.992821,40.756706,-73.982025,40.769501
CD5A34827F6540D83DCEBBCBFCC59EC2,7A7FAC4505795BED951BFC8A1D38866B,VTS,1,,2013-01-13 10:27:00,2013-01-13 10:33:00,1,360,1.23,-73.996574,40.737251,-73.978416,40.729027
6481B57EF157AA8626B11287F8597CC2,52768ED71CDEFE80A89A3F83BA8BD14E,VTS,1,,2013-01-13 10:12:00,2013-01-13 10:28:00,1,960,6.95,-73.948952,40.777431,-74.004181,40.707687
303E3DE4DEBD8B0D4DBD0FBAF4512372,4947DD1347CA7D0F52FCD645A2F21BDE,VTS,1,,2013-01-13 10:19:00,2013-01-13 10:32:00,5,780,3.57,-74.002693,40.718246,-73.987358,40.759033
BCEB2F048FCA6F2DB11E275E6B892E15,7F96F8414C1A7580D88DEEC9CA18C0B1,VTS,1,,2013-01-13 10:19:00,2013-01-13 10:31:00,1,720,5.06,-73.955208,40.788689,-73.995308,40.727531
0D5744C51DAABD9526DE440FEF442B14,E50257DEFEF6940E3B976E5B06FB782E,VTS,1,,2013-01-13 10:18:00,2013-01-13 10:31:00,1,780,3.35,-73.949074,40.828453,-73.9776,40.787228
6DA222C58A272CE7582553B156B3099F,AE8F0E4642C61B014FB2E2658B83E98D,VTS,1,,2013-01-13 10:25:00,2013-01-13 10:32:00,1,420,2.54,-73.980858,40.78233,-73.990944,40.751163
4E2662D89DD5241620BF2450F5B60855,EBB0141425EF28C5C3D89F4AC7470C7F,VTS,1,,2013-01-13 10:21:00,2013-01-13 10:26:00,1,300,.71,-73.976669,40.760738,-73.965172,40.755268
6AF797A6A38F0E9C7BBC5CA381FCA41A,FC38D6DA26A4D21DCF25332E39F31070,VTS,1,,2013-01-13 10:12:00,2013-01-13 10:27:00,6,900,4.75,-73.913391,40.765797,-73.952583,40.775753
88B4CA0947B3E2310444E985E7224877,09FA8815EE996DB220433B2B6FC386E9,VTS,1,,2013-01-13 10:03:00,2013-01-13 10:26:00,1,1380,6.91,-73.978401,40.685249,-73.956932,40.771584
C5C6A3127EA0D9CDC0E50D6F3C6A3486,A6A5B4C4BD67F89CF484BF35FF39B90E,VTS,1,,2013-01-13 10:15:00,2013-01-13 10:25:00,1,600,2.45,-73.977165,40.746876,-74.0084,40.747456
469B05FDC2782455C93801D6C849731B,3D21BC289026DF526BD0A5C8DA9CDFCC,VTS,1,,2013-01-13 10:22:00,2013-01-13 10:30:00,1,480,4.44,-73.980766,40.740303,-74.0056,40.706383
261D79D99795D92B999061D8A840FFA1,A6DAD57A3B1C3B26CB8F23167ADF9FB6,VTS,1,,2013-01-13 10:25:00,2013-01-13 10:30:00,1,300,1.65,-73.958725,40.764221,-73.957176,40.780327
4EE30DE9A1484B98778FA784696CE156,F024DF5C64B15F3EC7A30F85E1000DE2,VTS,1,,2013-01-13 10:30:00,2013-01-13 10:33:00,2,180,.83,-73.958374,40.779045,-73.956429,40.787052
75B0911E2A83792B6B5CBE9B97EE762F,520539C30FDD0EB66C69D4BF0B6CC405,VTS,1,,2013-01-13 10:25:00,2013-01-13 10:30:00,1,300,1.46,-73.992256,40.743816,-73.979134,40.761639
EB2020681F1B1B72375923FD0F8A73C6,101D3112E1A7B93BCDFA9306FCEE1B88,VTS,1,,2013-01-13 10:18:00,2013-01-13 10:31:00,5,780,3.48,-73.922951,40.771301,-73.967201,40.762661
25BA2367F457C9DAE7DB9CBD94713DC5,68554315A91B736737DAE2049D87E049,VTS,1,,2013-01-13 10:06:00,2013-01-13 10:31:00,1,1500,18.24,-73.776604,40.645298,-73.881348,40.828365
BC5AB7D6ABFFD0FABB475EB48541C79F,90CB3F876CE336F188ACF5AB0517B006,VTS,1,,2013-01-13 10:18:00,2013-01-13 10:32:00,1,840,4.42,-73.989021,40.735085,-73.945282,40.774323
6F05C2D331B2178F3FCEAC56CF0CF753,F718681C7C9D7961047D593C10C89B3C,VTS,1,,2013-01-13 10:18:00,2013-01-13 10:29:00,1,660,2.48,-73.952553,40.784168,-73.982834,40.776653
47BF1F252F0CE798582074C829523047,9D32D46E05CE4DD00EC280EA5B2FAA54,VTS,1,,2013-01-13 10:22:00,2013-01-13 10:30:00,1,480,2.30,-73.975616,40.781872,-73.991409,40.755161
80F732B990A7E37633782074F64AEF8B,8760E287EB571309D1735382A5344100,VTS,1,,2013-01-13 10:29:00,2013-01-13 10:32:00,1,180,.54,-73.992165,40.724918,-73.991119,40.730976
1DFC3445A6990A629C2F80FC902B812F,75F47AD5D2DB5761EF1EC4F3EEFEEA59,VTS,1,,2013-01-13 10:28:00,2013-01-13 10:33:00,1,300,.69,-73.991623,40.744926,-73.980766,40.7425
97CDCE8C03C3F8B731B7CC4E39C9CBAD,6BBFBC224B4BBA31478C9A607A729331,VTS,1,,2013-01-13 10:27:00,2013-01-13 10:30:00,1,180,.81,-73.983742,40.767487,-73.991081,40.760651
CA2E404BE3197B507CBBA41D1E0EA70F,4C9572D2BCF90515902893079E03B2E3,VTS,1,,2013-01-13 10:15:00,2013-01-13 10:31:00,1,960,3.63,-73.994858,40.748791,-73.957939,40.779404
C22D5DD228F47B709BED0F5B996C7E5B,8A07766EBE8CE71315E433D4613AC217,VTS,1,,2013-01-14 18:01:00,2013-01-14 18:07:00,1,360,.81,-73.980766,40.750996,-73.979713,40.735153
0CE8A32DD9ED7C681471A968C71F31D9,4E0B34411B03EDD23388CFE952F4F252,VTS,1,,2013-01-13 10:25:00,2013-01-13 10:31:00,2,360,1.75,-73.984245,40.767399,-73.975922,40.786354
DD1049F02A8B3A68274242954A8AA081,31D907E763BA0643D87F981FF1F98F68,VTS,1,,2013-01-13 10:22:00,2013-01-13 10:33:00,6,660,2.72,-74.007301,40.716026,-73.983688,40.743477
FF91C1751D838A4D176A4919DD1808FA,64A35AF9F4E48A107F11F1FDBC0F3F59,VTS,1,,2013-01-13 10:33:00,2013-01-13 10:35:00,5,120,.61,-73.965622,40.762905,-73.970741,40.762096
41E934801C702B72F2AF3D59A8C5AE6D,C23D5AA8A7CD1BF3D7905C0864413A17,VTS,1,,2013-01-13 10:29:00,2013-01-13 10:32:00,1,180,.78,-74.001411,40.717533,-74.009933,40.715996
B5D12038E8D70C0E1B35A3C949A7E729,3C39E1FA6F48A497EF8CCB40CF4A472F,VTS,1,,2013-01-13 10:21:00,2013-01-13 10:33:00,5,720,3.42,-73.991486,40.738934,-73.964142,40.773518
1E583DE106F334DE85ECDA057E05EC8F,389568DD65B2E047D227F6E9BBDF0F90,VTS,1,,2013-01-13 10:26:00,2013-01-13 10:32:00,1,360,1.13,-73.999237,40.734772,-74.006523,40.744678
7FDB16DB5A1550399B8F60F0B030B34A,281C30FF97C51D78657F20A6FFC69D34,VTS,1,,2013-01-13 10:29:00,2013-01-13 10:31:00,5,120,.70,-73.936157,40.798897,-73.939613,40.791134
385B40B09DF15C8D150AF46E1B4A3AB4,FFB065DCD14E4829E4F6FABC27219D44,VTS,1,,2013-01-13 10:28:00,2013-01-13 10:33:00,1,300,1.47,-73.969002,40.761127,-73.958702,40.778233
85BDD19BCA2339F2AA911474652F743F,EFEC36EC60B766569DBE248B0B80D689,VTS,1,,2013-01-13 10:22:00,2013-01-13 10:30:00,1,480,1.98,-74.003532,40.747402,-73.980843,40.760384
02E517E0C958416296416C6F4CDABB33,D18181CAC1222B3BFE18FDA6D8B43A2D,VTS,1,,2013-01-13 10:20:00,2013-01-13 10:27:00,1,420,2.19,-73.975479,40.761959,-73.953224,40.781998
8332A4C78F534FE6C41D1EEB9CF4026E,9029505BCE8D40B6F41E3E3EE0247643,VTS,1,,2013-01-13 10:21:00,2013-01-13 10:32:00,2,660,3.17,-73.997528,40.756645,-73.978409,40.728935
115166F8B584AADB44EAB0B0E8240F8B,879633F992B9CB3DC02CA1AC95A569A9,VTS,1,,2013-01-13 10:24:00,2013-01-13 10:33:00,6,540,2.67,-73.946899,40.776405,-73.981529,40.773491
5BFCB203F99DBD38AC5FFD19B8D2C192,5A44C8A6018C4DB06DC8FBCAB0F6AEF6,VTS,1,,2013-01-13 10:25:00,2013-01-13 10:32:00,1,420,.89,-73.994499,40.759258,-73.981712,40.755165
57C1D8BB16ED685B9564402E81DFB7B4,AD92F2E7CC9E6C684AAB418F789B919E,VTS,1,,2013-01-13 10:22:00,2013-01-13 10:32:00,2,600,2.58,-73.982697,40.764282,-74.003242,40.731606
8C03E2359159505D810E4F5B995D3676,471292359781662F4E08F0AEB9F690B7,VTS,1,,2013-01-13 10:26:00,2013-01-13 10:33:00,1,420,2.08,-73.977036,40.743778,-73.996056,40.720196
B33E704CC189E80C9671230C16527BBC,6789C77E1CBDC850C450D72204702976,VTS,1,,2013-01-13 10:29:00,2013-01-13 10:31:00,6,120,.83,-73.976318,40.785816,-73.970421,40.793766
98D98DDE47397399775144A28D366A82,8E29FC2A6A202F3A6B5324BB6A322AB2,VTS,1,,2013-01-13 10:24:00,2013-01-13 10:31:00,1,420,1.48,-73.972237,40.756336,-73.98909,40.747849
346EFAAF632D494C11B5E4519C36C294,F2CAC9BDF789976B7FCBD2C6784A8499,VTS,1,,2013-01-13 10:26:00,2013-01-13 10:33:00,1,420,1.25,-73.966278,40.753944,-73.963409,40.768433
B12F855DED439EC1F9F0B8784D3B672C,109C644C54B9BC20FF4D3DC1517B4517,VTS,1,,2013-01-13 10:27:00,2013-01-13 10:32:00,1,300,1.07,-73.963341,40.774731,-73.963806,40.773788
FEFD48093EC151BA98BFBD7B44D3D394,1E092A83F631B7DB7F920F690A39F25B,VTS,1,,2013-01-13 10:24:00,2013-01-13 10:32:00,2,480,2.31,-73.972466,40.786736,-73.992668,40.758823
253F71A0201F800FE5F1F796DE843C65,0BE5CA0072B5BE91AE043448F51AEAE6,VTS,1,,2013-01-13 10:16:00,2013-01-13 10:28:00,6,720,2.51,-73.972862,40.752876,-73.986885,40.775948
BAAC72BF93F2D99F9DC0CD38CB53F96D,5599EA08F33A7F9B45C5C15593091928,VTS,1,,2013-01-13 10:00:00,2013-01-13 10:36:00,1,2160,1.38,-73.973869,40.756432,-73.987267,40.760746
F7F305E5D26B6A1A3940BE0CACF495D5,39C01E89F4EA31DBAC3BCD86ECE5E9CE,VTS,1,,2013-01-13 10:21:00,2013-01-13 10:29:00,5,480,1.66,-73.982422,40.777306,-73.978516,40.757919
9635A74B6847F52862D773356C7C8E94,A7DE974644FEA2EDCE6F155F5E59D31A,VTS,1,,2013-01-13 10:28:00,2013-01-13 10:30:00,1,120,.40,-73.954216,40.770275,-73.953712,40.766891
2528C00729BDD4E82E25CF14999F3C4C,D3D2EC03C378654AEFC620518086596F,VTS,1,,2013-01-13 10:28:00,2013-01-13 10:36:00,6,480,2.16,-73.945282,40.786743,-73.964142,40.76099
9C5217EB3E8AAACF4A8DA4E31F5F4CE4,EB4B24469A0AF2049023EA4C37C59163,VTS,1,,2013-01-13 10:25:00,2013-01-13 10:32:00,1,420,.86,-73.953377,40.771442,-73.954865,40.777931
4D37FECD649F22361A5639D0D8A355E4,B88ECCE9BA76568283C5DB95B9E1C8B6,VTS,1,,2013-01-13 10:26:00,2013-01-13 10:30:00,1,240,1.15,-73.989212,40.730862,-74.002197,40.728142
7461F7106D33D3A5775F4245724606FD,724AD40EB89ABEC12216682FE07E560A,VTS,1,,2013-01-13 10:32:00,2013-01-13 10:37:00,1,300,1.34,-73.970642,40.788872,-73.982353,40.771915
393C86127C10766E9EC81053A36B9C37,6C2CB931D638E5BEEA8C4FDEA9F99689,VTS,1,,2013-01-13 10:30:00,2013-01-13 10:36:00,1,360,1.03,-73.982384,40.727627,-73.987015,40.736202
8372826B55E99F2DB075B1AB9C087D12,CEA49A28916FE9088903A3C4432772EA,VTS,1,,2013-01-13 10:21:00,2013-01-13 10:36:00,1,900,9.10,-73.972069,40.757107,-73.873528,40.771473
92352B9F1326D0B5972A9C09CEA50E0C,0D6BAA2F15E40B3E89B4145DB52F4A78,VTS,1,,2013-01-13 10:23:00,2013-01-13 10:37:00,2,840,3.12,-73.98085,40.738171,-73.98468,40.769543
6EA5C29330D964DC7C56B85F0E3D91E6,D8A237E3257564EC1D9659707810B857,VTS,1,,2013-01-13 10:32:00,2013-01-13 10:38:00,1,360,1.52,-73.97802,40.745953,-73.97242,40.762428
BC4CB3D01850D3EC81B9D7A257D2CB18,AFB9864CAA5AF5244C65ABB20BAA4A3A,VTS,1,,2013-01-13 10:29:00,2013-01-13 10:33:00,1,240,1.50,-74.105057,40.655216,-74.096535,40.655094
315AF11A9133B55094267549FC7F20AF,F9C3E853983BBAA0B0E22C176FCB76E4,VTS,1,,2013-01-13 09:59:00,2013-01-13 10:32:00,2,1980,20.56,-73.783333,40.641857,-73.964478,40.653858
1E82142BA320EA88F9BA0A8F2D25AE52,19EA5EDCC479EE253B7464C052A20195,VTS,1,,2013-01-13 10:26:00,2013-01-13 10:36:00,6,600,3.43,-73.986397,40.766998,-73.983513,40.731789
5BAA40F73352E3A1CB648ACDC5445D05,DB38EB4E42CE5295CECD1B49FC13BBCC,VTS,1,,2013-01-13 10:26:00,2013-01-13 10:33:00,1,420,1.56,-73.853409,40.727085,-73.879173,40.737133
10CC1511C786DCD23292B2A505DFB854,56BB7C5F29048E8223A48A0EA65F7728,VTS,1,,2013-01-13 10:13:00,2013-01-13 10:33:00,1,1200,4.60,-73.915123,40.764011,-73.97422,40.760311
0EB253AE94130E03868E1B1B6DA0AB82,08CA6FC96D6B40369BA644214E302780,VTS,1,,2013-01-13 10:20:00,2013-01-13 10:30:00,1,600,2.34,-73.990623,40.756458,-73.991501,40.739498
7D8BB524AC8B84010BB06F529D12B340,57C3A176973632F99885ADCE308F8371,VTS,1,,2013-01-13 10:23:00,2013-01-13 10:33:00,1,600,3.17,-73.975281,40.755821,-73.947258,40.793488
5827B7604F840FEDC14D2855774020CF,5A8B02578C11BB8A45F6863F11AEA560,VTS,1,,2013-01-13 10:29:00,2013-01-13 10:33:00,1,240,.66,-74.007736,40.732269,-74.004189,40.737549
4BFF055504D077519697F26D95A2A0BB,8631AC3947D26FB0565115D64FC0203C,VTS,1,,2013-01-13 10:27:00,2013-01-13 10:32:00,1,300,.89,-73.982063,40.772541,-73.97393,40.778797
88EE27A5C8E9F5E29DCA6C32B743BCE7,6F17F1C512290A5CE5770F3881D230F8,VTS,1,,2013-01-13 10:27:00,2013-01-13 10:35:00,1,480,2.92,-73.992188,40.723946,-73.966324,40.715733
D2EF609E0144B2FF8BA7A1785E4EED7D,FF0687D264FD797E37C4B0590A8A9A9D,VTS,1,,2013-01-13 10:27:00,2013-01-13 10:36:00,1,540,3.93,-73.982384,40.731426,-73.947021,40.779877
A93CBB26B261A62FA0BE0AA3B9AC7B1F,F676DE30E52FA572078BC7AB2DED6756,VTS,1,,2013-01-13 10:33:00,2013-01-13 10:37:00,1,240,.72,-73.982826,40.764126,-73.973907,40.756851
9C79E336DE8988E71F83F98D4E9210DF,74977945228F4F9ED83F010E72F2456F,VTS,1,,2013-01-13 10:29:00,2013-01-13 10:39:00,3,600,4.51,-73.957382,40.77718,-73.975319,40.72924
D7C280941FCD886701B71BE52D350503,416CD60E2BA6609899DF211F3830403B,VTS,1,,2013-01-13 10:25:00,2013-01-13 10:32:00,6,420,1.84,-74.008247,40.70557,-74.013046,40.716053
126A5559920CCC1F4AA7A7DFB137D328,18606DBF3B8393C5923E697E8D49C20E,VTS,1,,2013-01-13 10:27:00,2013-01-13 10:36:00,1,540,1.49,-73.996674,40.693192,-73.977798,40.684189
00B7EA9C3A09BEFD804B6C5465B92D56,2AF7F12032B8E5F4B193EDD98F603B6F,VTS,1,,2013-01-13 10:32:00,2013-01-13 10:38:00,1,360,.92,-73.956528,40.778728,-73.952393,40.786942
6337221680B06AFC43658D3DF883D2C6,D3F0F3BA89898C296A87AF6758285F05,VTS,1,,2013-01-13 10:33:00,2013-01-13 10:38:00,5,300,1.08,-73.997177,40.721966,-73.991081,40.733738
9A2ABEFC0E9C0CEDB3A8B6D829E2D997,E9CB359A2B07A6154EA76B40DBA7A179,VTS,2,,2013-01-13 10:02:00,2013-01-13 10:38:00,1,2160,20.78,-73.788307,40.641514,-73.975517,40.79211
70D0498946F93A8DBBBE15B0CD795266,B6616E9FEC5EF586C74380DDA7464E0B,VTS,1,,2013-01-13 10:07:00,2013-01-13 10:37:00,1,1800,7.05,-73.999039,40.672958,-73.973946,40.753551
C70CD347AA0EBAD4EF34EC27131535FA,E8A4BFD3C578DC31120E2FF7C94BA7FF,VTS,1,,2013-01-13 10:33:00,2013-01-13 10:36:00,6,180,.69,-73.962654,40.770741,-73.956619,40.775223
72427BE07CFC31814826BCE9EB92D8D5,F01341355389BD2DCF5B085EF7F1BED3,VTS,1,,2013-01-13 10:32:00,2013-01-13 10:38:00,5,360,1.29,-74.006813,40.735371,-73.994637,40.749496
456B61F12C5D1D8744BB7437A211F7BF,CB9AEE4760DB0551500EAA538E8FC108,VTS,1,,2013-01-13 10:26:00,2013-01-13 10:39:00,1,780,3.05,-73.947105,40.776299,-73.986542,40.766987
08CA1C11D8C721C8611030D08EB63904,FBFAD10C674C5855DBA9F40428563730,VTS,1,,2013-01-13 10:34:00,2013-01-13 10:38:00,1,240,1.28,-74.000641,40.742344,-74.003448,40.732536
C72C140F3B265A08BA525AD4586D40DB,63192CC0406AE8D4958EF321AAA022B9,VTS,1,,2013-01-13 10:24:00,2013-01-13 10:38:00,5,840,3.38,0,0,0,0
3FEB7F9302C83CB699ACAA257134CCB5,E52430CBD47671817CCE27C4CF677CAA,VTS,1,,2013-01-13 10:22:00,2013-01-13 10:32:00,2,600,1.94,-73.985313,40.736004,-73.977814,40.755932
C703E0BC6A8677741E74962F130AD35B,AE27691209D312C405EA3D9A1B8A1F7D,VTS,1,,2013-01-13 10:27:00,2013-01-13 10:36:00,2,540,1.65,-73.981171,40.764809,-73.973816,40.782982
CFF15C3611C0FD3607388C8314F5C08F,8322F2222F5D9F5E23FB0A9D866EAF7E,VTS,1,,2013-01-13 10:24:00,2013-01-13 10:30:00,5,360,1.50,-73.968185,40.800171,-73.978958,40.785507
5B62D8FBD6D3B58865FBE185D91A4688,53EF61EF20DB87A4F457FDD4F1350FA3,VTS,1,,2013-01-13 10:28:00,2013-01-13 10:31:00,5,180,.84,-73.979324,40.749271,-73.984085,40.741962
A9319237ADA66C0771D92C5815D084EA,CC6E05C8A9451FFBFCA9ED054BE6C05C,VTS,1,,2013-01-13 10:20:00,2013-01-13 10:35:00,1,900,5.18,-73.942833,40.785679,-73.983459,40.737507
5888835B75CF97CBE738A58484B12A6D,4BD18A9D29849B46795A7F64324D6EFA,VTS,1,,2013-01-13 10:13:00,2013-01-13 10:32:00,1,1140,4.99,-74.00238,40.734097,-73.950874,40.771397
ACD1F61BE48546C3B0A9E1864857D059,788061F339C181D179670539D468A0EF,VTS,1,,2013-01-13 10:19:00,2013-01-13 10:31:00,1,720,3.42,-73.947884,40.778641,-73.977798,40.75687
95F747F1CB4A567A31B3BD38D880F7E5,F466F3E4C412EF2BCD0E5A79A855F78D,VTS,1,,2013-01-13 10:21:00,2013-01-13 10:30:00,6,540,1.17,-73.990692,40.756355,-73.975456,40.755325
CC2F84E11976D3ADFBD16DE1E2E21263,EB7C5E926F9584B526F8D74CE4979828,VTS,1,,2013-01-13 10:21:00,2013-01-13 10:32:00,3,660,2.58,-73.964645,40.761494,-73.973335,40.784485
F0C1205FC27DF89D8C9F8DC2F324E36C,FAA39BEB7D7159DCB3DCAC56EED0CEA7,VTS,1,,2013-01-13 10:28:00,2013-01-13 10:31:00,5,180,.61,-73.978935,40.784966,-73.971329,40.786163
9C07428094868EDE6CCC840C0332EE34,1C79B7729B06A673D4AD20D7A845C1E1,VTS,1,,2013-01-13 10:27:00,2013-01-13 10:33:00,5,360,1.82,-73.971596,40.746498,-73.973595,40.765022
058B88122B679AEECA0A6D7C12D0F6FD,C515D41B83458CB4215AD981B575C1E9,VTS,1,,2013-01-13 10:28:00,2013-01-13 10:32:00,6,240,.93,-73.987335,40.760979,-73.99398,40.753532
8996883B66433971B440773E1B4A6FDE,D4C0B10EEAED9FB116673190D81C9718,VTS,1,,2013-01-13 10:31:00,2013-01-13 10:37:00,5,360,1.54,-73.979759,40.746609,-73.996391,40.75843
4029B98D6CCE7239AF2DED0DFCA0A40E,5BD9B1F7D79F2E91C873E7E41EF0446A,VTS,1,,2013-01-13 10:05:00,2013-01-13 10:33:00,1,1680,5.49,-73.961105,40.661404,-74.004997,40.728542
4BFDCDE7229B5B4695AAA45549814ECD,E8EAD22AD2D490FDDE04677E828AEA35,VTS,1,,2013-01-13 10:30:00,2013-01-13 10:36:00,1,360,1.56,-73.964958,40.772629,-73.950874,40.78886
59F01B316351A5C6BE0B2C7B5DD92CFB,12787A1B9B0B90BEBC6E5E658A0BC5C9,VTS,1,,2013-01-13 10:25:00,2013-01-13 10:38:00,1,780,3.20,-73.999763,40.719501,-74.01313,40.717033
4528AF6CFC859EBC923D1FB3F0A529BF,DB7412CC13AF5B19E8C2E3907A55AF23,VTS,1,,2013-01-13 10:24:00,2013-01-13 10:37:00,6,780,6.30,-74.009125,40.704056,-73.967728,40.760185
E4823C782909E00D2D1BDB81F3C905DA,EDBD06ED2C02E8B748764E09424BBC97,VTS,1,,2013-01-13 10:32:00,2013-01-13 10:37:00,1,300,.97,-73.989014,40.7561,-74.001381,40.755665
ACBAEA795DCAA0E74A6325D500F6F4B8,59E99513D895BE0B6B6C249AC78FB781,VTS,1,,2013-01-13 10:33:00,2013-01-13 10:36:00,1,180,.81,-73.999336,40.734051,-73.992195,40.735596
69F42CD1BA72F0F090E85F299C7B6301,65BABDDBC94F4C1AA996FA693E4D4F57,VTS,1,,2013-01-13 10:30:00,2013-01-13 10:37:00,1,420,1.28,-74.006348,40.733406,-73.993034,40.724232
B2346DC1C1CA3D22E4EEE395AFAFD05A,78C9FE3C79F168F68F72F34343C9C8F3,VTS,1,,2013-01-13 10:31:00,2013-01-13 10:38:00,3,420,1.22,-74.007645,40.738773,-73.99498,40.726303
5943FA32855CEA9401FF1774F28AA42C,E36F3A83AEB4CE6AB7E22DC77E6D19CF,VTS,1,,2013-01-13 10:26:00,2013-01-13 10:37:00,1,660,4.06,-73.997688,40.756481,-73.954086,40.787582
B4927C0E2C4A9E33E1D8E4E630332D50,F4CBF26446FDAF605A64C60BBCCC989C,VTS,1,,2013-01-13 10:32:00,2013-01-13 10:37:00,1,300,1.06,-73.9786,40.761753,-73.969055,40.761646
65EB3CDBF4837F4A0F4C83339ED4079F,8671227D6166FB7C1D954C95E87CC901,VTS,1,,2013-01-13 10:33:00,2013-01-13 10:38:00,1,300,.78,-73.979446,40.749634,-73.98819,40.747593
9B80F99BF3B873B7DDECEE23502CE454,9C189FC75FEFA6605F60F93DF732C657,VTS,1,,2013-01-13 10:37:00,2013-01-13 10:40:00,2,180,.76,-73.996239,40.743328,-74.00383,40.736229
50BE93C8008A1E0B7259E4B532D90426,AD0C27600D3A53AC903FDB69F172D5AE,VTS,1,,2013-01-13 10:24:00,2013-01-13 10:27:00,6,180,1.43,-73.991386,40.760544,-74.003487,40.744167
FE3859E41C0C05FF40E221DF4409009A,6B4F56A1A0C191C4D6087A9570C31DB5,VTS,1,,2013-01-13 10:25:00,2013-01-13 10:32:00,3,420,1.48,-73.963905,40.773766,-73.976372,40.780926
77BE52127CE93D9319C2B3302AD13ECA,2A2AED0FADCED50BDC5563CB5FF2092D,VTS,1,,2013-01-13 10:22:00,2013-01-13 10:32:00,1,600,4.52,-73.92263,40.743385,-73.877457,40.768066
A00DB24BBFAAE27E5CDAF6150C642B03,598A52F4D61C2A9686CCBDCFDE9CE439,VTS,1,,2013-01-13 10:26:00,2013-01-13 10:32:00,1,360,.78,-74.004272,40.712955,-74.015533,40.71579
2FEA0AF4B4BDD3A9B80AEDB37420E7A6,878CC2983856988E0D0B23EBF19381C3,VTS,1,,2013-01-13 10:10:00,2013-01-13 10:33:00,2,1380,5.84,-73.988754,40.670185,-73.979187,40.74411
455375859B7C841ECB99E7401B39EBA5,D08F2C1589B4D7B62C10750A8F45D9DD,VTS,1,,2013-01-13 10:15:00,2013-01-13 10:34:00,1,1140,3.57,-73.980957,40.781708,-73.979729,40.746906
BE4A6F08A4E9CA26DEBBD511A15E5D89,AE073343A40ED5A69D5AD11F868A1B8A,VTS,1,,2013-01-13 10:24:00,2013-01-13 10:29:00,5,300,1.10,-74.003036,40.715797,-74.007431,40.72657
6BA29E9A69B10F218C1509BEDD7410C2,1704B8C5B138EFBAB8596E93C1ABB6B2,VTS,1,,2013-01-13 10:35:00,2013-01-13 10:40:00,1,300,1.27,-73.990135,40.719368,-73.98658,40.734077
0E5EFB23F69C7377D937DFA6CE8B7775,F98D05D47B2F8FCDF05D429DABD70471,VTS,1,,2013-01-13 10:15:00,2013-01-13 10:32:00,1,1020,8.83,-73.872795,40.773743,-73.976227,40.755604
D75686B95B035DDA9574FA6E56EE1D9D,D155EFD683580B14FB3A59A95852D1AC,VTS,1,,2013-01-13 10:20:00,2013-01-13 10:33:00,6,780,3.23,-73.977928,40.749092,-73.977364,40.77438
ED7DCB3ED07F37CB36A3F9893D62176E,22EDCDBA5AF98FD084560D941475F8D0,VTS,1,,2013-01-13 10:34:00,2013-01-13 10:37:00,6,180,.57,-73.978867,40.777264,-73.984444,40.774891
B3D6E05EFE85CE2FEC8FED7C5961A3E3,96BAA4C14A55258C2E265066B9951E3B,VTS,1,,2013-01-13 10:21:00,2013-01-13 10:36:00,1,900,4.60,-73.928658,40.763142,-73.958076,40.784676
A7FBDDF1D29355867AEF9CC849E58C91,B419B426E944D97F44C61EC1E15BEBEB,VTS,1,,2013-01-13 10:39:00,2013-01-13 10:42:00,4,180,.91,-73.982208,40.732086,-73.9786,40.74107
D2B347756DA9B4B8A284E45499A3538B,BFD02D330F78A090FF90B1621A6D638C,VTS,1,,2013-01-13 10:19:00,2013-01-13 10:36:00,1,1020,5.74,-73.950447,40.773113,-74.000282,40.722588
9150CF568CEFF4F05A1131A411D8DF39,4AAE32CE3760930B194D6AEC44E3AA6F,VTS,1,,2013-01-13 10:32:00,2013-01-13 10:36:00,1,240,.59,-73.989365,40.745686,-73.982788,40.742588
721ADE49C0859DAB80C136D8787582F3,20FB7B51A06C4347010FCC12D5754947,VTS,1,,2013-01-13 10:33:00,2013-01-13 10:36:00,1,180,.49,-73.953606,40.767342,-73.949066,40.773552
DCDD025C953CA1BAAA7044C69BCE2D3D,3C1BBDEA84C6BF2B166483B676D362C1,VTS,1,,2013-01-13 10:34:00,2013-01-13 10:37:00,1,180,.92,-73.986069,40.743149,-73.977592,40.753429
3E78E14594AC31EDB9D879880962CC90,30CEAE166FDC2B4B1BD6A217C8DD3ADB,VTS,1,,2013-01-13 10:26:00,2013-01-13 10:37:00,1,660,2.86,-73.993584,40.721191,-73.988304,40.748791
7676A5B9266D7A43A4BAB031ED9FB2AF,C5DFED20CE0CBD71CABA2C890630A037,VTS,1,,2013-01-13 10:15:00,2013-01-13 10:36:00,6,1260,10.19,-73.972862,40.755604,-73.864075,40.769741
0531373C01FD1416769E34F5525B54C8,E877BE4EA8F1DDF0D0233B3C49B0921E,VTS,1,,2013-01-13 10:25:00,2013-01-13 10:35:00,1,600,2.61,-73.958145,40.781666,-73.967033,40.807571
9A48CB79B6FB8FC8D49440D50604ADEB,2E6A6AE3E5FE1BD686EF509FD791400C,VTS,1,,2013-01-13 10:34:00,2013-01-13 10:38:00,1,240,1.20,-73.952332,40.77203,-73.964058,40.767891
97CDCE8C03C3F8B731B7CC4E39C9CBAD,6BBFBC224B4BBA31478C9A607A729331,VTS,1,,2013-01-13 10:32:00,2013-01-13 10:36:00,1,240,.94,-73.992561,40.758411,-73.984856,40.763306
7A891113517E79D24A15A22D804F30AD,EF20043B92A2F3DCE752DE67513E4247,VTS,1,,2013-01-13 10:24:00,2013-01-13 10:28:00,3,240,.20,-74.000847,40.727516,-73.986832,40.750961
5F5C74564DB2AD39E049BC65354EEFB5,7FCDAC14A7CD09AF8D7F8A3779BD4A30,VTS,1,,2013-01-13 10:25:00,2013-01-13 10:38:00,1,780,11.47,-73.786217,40.641415,-73.861404,40.768093
C5A1C71D1E3E57E9425B3B6FE9BC5D67,AD1F5C11710F58CFBB353AE37722A8D0,VTS,1,,2013-01-13 10:24:00,2013-01-13 10:31:00,1,420,1.29,-73.966721,40.757488,-73.963478,40.768501
FFFECF75AB6CC4FF9E8A8B633AB81C26,648659963B4639CA17884B391333A9C3,VTS,1,,2013-01-13 10:22:00,2013-01-13 10:27:00,6,300,1.01,-73.973419,40.749668,-73.975594,40.760208
DBE7422E79192B5F654FE1FE02526125,548B0C0522E0DAF0E12C1ED9E33CAEDA,VTS,1,,2013-01-13 10:24:00,2013-01-13 10:31:00,1,420,3.04,-73.994011,40.724777,-73.984962,40.753384
39FE84FF41781712E19464B3B5E21944,3DAFA7B4E6D60899E80B68A476962E93,VTS,1,,2013-01-13 10:14:00,2013-01-13 10:31:00,1,1020,3.74,-73.982872,40.677536,-73.988258,40.718243
7C11D5DFAE5B898C8C5256F5703C26D4,B3B2A1F2211DA8CF2F7F58B2ECCE4DB3,VTS,1,,2013-01-13 10:23:00,2013-01-13 10:31:00,2,480,1.38,-73.973198,40.749294,-73.979759,40.7603
34346632EF1C766560C2A2268B85E0C7,B29D0590C34A2978FA87A7F3F14A8B1E,VTS,1,,2013-01-13 10:30:00,2013-01-13 10:35:00,3,300,.79,-73.971138,40.783073,-73.980103,40.78056
196AA2E8E1D20821456EFC09FFE57CD8,EC449C57810CE80CE9C000103E590DE8,VTS,1,,2013-01-13 10:21:00,2013-01-13 10:31:00,1,600,2.24,-73.954208,40.781216,-73.965004,40.769405
727E38B9A80D47A91581FD651DE37E8C,2C036E430ABE4F4F6B138B463167012E,VTS,1,,2013-01-13 10:24:00,2013-01-13 10:30:00,3,360,1.86,-73.937668,40.797089,-73.954689,40.776466
9DB11FA49C0B4C8615035B89D8E25ADF,0C088B426E40D9A5EDCA040380E354B7,VTS,1,,2013-01-13 10:14:00,2013-01-13 10:34:00,1,1200,5.08,-73.953865,40.770245,-74.002029,40.745552
222BACD193584D6F3428D36E2302C053,D2B36DF6F24CB6ED19A271C284677934,VTS,1,,2013-01-13 10:27:00,2013-01-13 10:32:00,3,300,1.90,-74.005371,40.72739,-73.995552,40.74905
AABD5701E422E2C9EFE104023FB0AC80,14146529970F5972D14C256DF359202D,VTS,1,,2013-01-13 10:11:00,2013-01-13 10:33:00,1,1320,13.00,-74.003685,40.741226,-73.870827,40.772057
0E6260EC69A2C7B3C0D6EFCCB343DC5F,F57EB07D58D23F870ECAE7EBC2445054,VTS,1,,2013-01-13 10:28:00,2013-01-13 10:35:00,1,420,1.51,-73.972321,40.797043,-73.957649,40.785343
2E1685CA576A1D0357B2C8F9FD070434,00E40328ECC4327E912FE820506B38D7,VTS,1,,2013-01-13 10:27:00,2013-01-13 10:34:00,1,420,3.05,-73.981216,40.73349,-73.954056,40.770176
A9800290BC80F9B3908EFE9412BB2E95,06EA3B3E01FCA96EDA402F5C35C0FB5C,VTS,1,,2013-01-13 10:36:00,2013-01-13 10:39:00,2,180,.62,-73.844193,40.721783,-73.853683,40.727207
89CE71B8514E7674F1C662296809DDF6,FC79D43BC9E8E66C175B41A3A60959E5,VTS,1,,2013-01-13 10:32:00,2013-01-13 10:37:00,6,300,.96,-74.004044,40.741966,-73.991386,40.735298
D6BCED8D9F35262EDAA80E7F2C361DE8,2D50C45C1E2541A45171E565D7CF3914,VTS,1,,2013-01-13 10:32:00,2013-01-13 10:39:00,1,420,1.68,-73.972275,40.796783,-73.982361,40.77544
2E1AF4AEC025F19B231A0B90CB0DC1E2,B388E707833DB641429B59FF56BD9591,VTS,1,,2013-01-13 10:23:00,2013-01-13 10:37:00,1,840,4.10,-73.964005,40.808601,-73.974457,40.762711
B6BCBE595116CFC930EEF414717EEDDB,3629EDC501F2200F8885C71A6AFBC4E1,VTS,1,,2013-01-13 10:30:00,2013-01-13 10:36:00,2,360,1.39,-73.98848,40.748112,-73.97065,40.750187
6751AB7E34461E5006F078C38B827942,CE91EBFC7864897D3D06C006B4EA0E10,VTS,1,,2013-01-13 10:33:00,2013-01-13 10:37:00,2,240,1.07,-73.998459,40.740543,-73.999786,40.728443
550573BFDA50C741C1D5B634FADAE39D,0BD0B8478CB47CFE7718ED8F3B7C0C07,VTS,1,,2013-01-13 10:24:00,2013-01-13 10:33:00,2,540,2.40,-74.003555,40.723705,-73.99588,40.751091
3112FC4E5C14054B8A5DB00037572C70,9F959826431402B410E0B8FA23160AFE,VTS,1,,2013-01-13 10:32:00,2013-01-13 10:35:00,5,180,1.28,-73.960541,40.762005,-73.950432,40.776211
4CADDAC136A2413994F7F54B39FD27D6,27A04B678E8DF687D7F9F53DB05A6BFF,VTS,1,,2013-01-13 10:34:00,2013-01-13 10:36:00,1,120,.45,-73.973602,40.784481,-73.977959,40.781345
F0E4CE5FA0C0CDDED46328347DBF2771,E512C268C2D8533CC0D2E6B9BFCFCE63,VTS,1,,2013-01-13 10:34:00,2013-01-13 10:37:00,5,180,.63,-73.988693,40.760056,-73.981575,40.769863
6E3CBFDD78C3EEDBC81DAD278AFBFEA1,76801FA0D6F094C97FE8716AB64FFF41,VTS,1,,2013-01-13 10:40:00,2013-01-13 10:41:00,1,60,.25,-73.778244,40.64677,-73.781334,40.647423
9C93E30D2CFC79A3053CB907BB93537F,2E9A9BDBC64EFCD0AFF4AAF4089979C9,VTS,1,,2013-01-13 10:30:00,2013-01-13 10:38:00,2,480,1.80,-73.984955,40.759804,-73.974564,40.778175
6B22AE697469CEA3DB866376A918349A,AA3361E78F0ACB814E387D655C78B708,VTS,1,,2013-01-13 10:32:00,2013-01-13 10:35:00,1,180,1.42,-73.966362,40.794762,-73.977524,40.779144
F24AC9E40A0A8F63778953AC56789FAF,09ADF0C139D384FC02B746A39E9BD4D9,VTS,1,,2013-01-13 10:29:00,2013-01-13 10:38:00,2,540,2.19,-73.992439,40.730606,-73.978882,40.75309
FB92F691B7E933E6462788B10939F757,112771253520CA9F30776AB5C3794AAB,VTS,1,,2013-01-13 10:27:00,2013-01-13 10:38:00,1,660,2.72,-73.970909,40.749664,-73.979752,40.775284
7B0722FC8684E18C8A777EEE726DFFDF,05356154CD836765A45CFED0EE01AEBD,VTS,1,,2013-01-13 10:34:00,2013-01-13 10:39:00,1,300,.97,-73.954475,40.773006,-73.955139,40.783142
8E6F931A70CFB1C730F14E7AFEFFDE45,B9735C8CE570817538C675365C6A39C1,VTS,1,,2013-01-13 10:25:00,2013-01-13 10:38:00,2,780,3.41,-73.987068,40.722557,-74.004753,40.756901
39DC824B2CEA705B0F1CB58194A5623C,0511B5D2BC76188CA38BD3392C71B70E,VTS,1,,2013-01-13 10:29:00,2013-01-13 10:34:00,1,300,1.36,-73.968864,40.770065,-73.982811,40.757992
A4C090FE7F3048ADB70E51C6947A4CDF,25DB9A08FC899A1052293E8E2159583F,VTS,1,,2013-01-13 10:30:00,2013-01-13 10:36:00,6,360,1.31,-74.008835,40.714272,-74.016754,40.708076
FE04674E87D69AB728BF7BEB4A3C0E61,8D9FFA071A44CDC7EB8873D9C298EFC2,VTS,1,,2013-01-13 10:27:00,2013-01-13 10:36:00,1,540,2.87,-74.013939,40.707142,-74.00425,40.741558
8E75B529F57CCE512C155D4400ECEBDA,E44E59E346B70C933C3BC7ABC9B3DEA7,VTS,1,,2013-01-13 10:14:00,2013-01-13 10:37:00,1,1380,11.88,-73.862793,40.769047,-73.984375,40.755924
613766C47F9A4B8BCA50DB21D361D4DF,E260E71C9137FA1A318099FAB5701725,VTS,1,,2013-01-13 10:30:00,2013-01-13 10:37:00,1,420,1.16,-73.980591,40.76115,-73.985909,40.774448
4F7C132D3130970CFA892CC858F5ECB5,BBCD16FCD37E7B7761AC2C391CA87134,VTS,1,,2013-01-13 10:31:00,2013-01-13 10:36:00,6,300,1.15,-73.977638,40.746529,-73.983444,40.753937
8E18EB048CD8CB3CC1F98D2D78EE4425,2702F928F0788E95D75D51475CBB37D2,VTS,1,,2013-01-13 10:27:00,2013-01-13 10:33:00,5,360,1.09,-73.984932,40.768375,-73.990646,40.763676
01DDF05F9C01F581EEC0434B78521495,CCA0AD32DCE8441B2671F73E2C1AE157,VTS,1,,2013-01-13 10:04:00,2013-01-13 10:32:00,6,1680,9.71,-74.001816,40.745667,-73.870758,40.772133
D5E0F5050FFA541B0C4E9A2E648103AD,A394C84F88F816C0E065BC95F854128F,VTS,1,,2013-01-13 10:34:00,2013-01-13 10:39:00,2,300,.93,-73.983391,40.767029,-73.990211,40.774857
95525D2FA3CBBB7A09E0D97C7AFBD641,2830E97F493355E617CE5443811DF40E,VTS,1,,2013-01-13 10:31:00,2013-01-13 10:38:00,2,420,1.18,-74.005173,40.733246,-74.001587,40.724407
5144A6480FDBFD1B8FC82F07131E5054,79CBED819D81A34E0B40816966869129,VTS,1,,2013-01-13 10:23:00,2013-01-13 10:34:00,1,660,2.38,-73.951332,40.774246,-73.974892,40.756123
A5F7EEE27975253E211130D4037E62EF,C20F72CAA99429DB5F43AAB69FF16B67,VTS,1,,2013-01-13 10:30:00,2013-01-13 10:39:00,5,540,1.65,-73.99279,40.756676,-73.996246,40.768139
0566C1C4F78A4ECD5EFB65A84996EAC2,7DFD88DBDBD05E6B5079C289FA90ACE0,VTS,1,,2013-01-13 10:38:00,2013-01-13 10:41:00,6,180,.44,-73.962875,40.758648,-73.955803,40.780567
ADB7687EB809F9E82E2C9FF914D0C70E,ADEDD81C3128B52156E33235FDB436BF,VTS,1,,2013-01-13 10:31:00,2013-01-13 10:40:00,1,540,2.26,-73.990242,40.731323,-73.97126,40.763252
AD430EE39BBB70C317EF2509909FCC2B,65EF7CC5FB7BA0B420AB6D65DCA2777E,VTS,1,,2013-01-13 10:18:00,2013-01-13 10:34:00,2,960,4.61,-73.994194,40.726521,-73.955017,40.783409
438203E902001227AFB1F4DDAA918F18,FCF20D774575BB0936AD21DC410D429E,VTS,1,,2013-01-13 10:28:00,2013-01-13 10:37:00,1,540,.26,-73.973358,40.755985,-73.997147,40.725033
8C00FBD3EABF7B65D4992C9A916AF90F,A046BAAF8DCD4D0A0B7C10E348D0CDD5,VTS,1,,2013-01-13 10:37:00,2013-01-13 10:41:00,2,240,.80,-73.994431,40.754356,-73.988976,40.757645
47A10F6F70B10FD9CE9942250C5D0A00,C65BCFD37808D529488FA9D09755EAAE,VTS,1,,2013-01-13 10:30:00,2013-01-13 10:36:00,1,360,1.15,-74.001213,40.731869,-73.986542,40.733063
BEC947091422A859241E312B314C6EFC,CA4AF8FD778953A7746CED994251ED96,VTS,1,,2013-01-13 10:34:00,2013-01-13 10:40:00,2,360,1.30,-73.985069,40.74221,-73.97908,40.731064
491F5D3140017AB5E8AD71DA8A3994F1,BD1B5AED6F886C5BECFFFF4DC68BF245,VTS,1,,2013-01-13 10:14:00,2013-01-13 10:42:00,5,1680,7.21,-73.98632,40.753349,-73.944946,40.691383
096ACCFC956CC07673EC193B24DAAA3E,F41C758E0A9022F59C72F73D1359FD9A,VTS,1,,2013-01-13 10:19:00,2013-01-13 10:27:00,1,480,1.18,-73.993309,40.752148,-73.999565,40.73856
F8A229F4C6A7E9C28A49C5D584A52760,1AE90BB276E38CFD0CD3DD41BE3C7995,VTS,1,,2013-01-13 10:21:00,2013-01-13 10:27:00,2,360,2.48,-74.000237,40.735096,-73.978966,40.761799
C8436454794EFE6C080FBBBCEE6E3623,6176A174DFB5B3F761AE05BF00E45173,VTS,1,,2013-01-13 10:19:00,2013-01-13 10:29:00,1,600,3.34,-73.968979,40.761295,-74.002136,40.727947
A0ACEC39526994497557427CBC1519C4,D60E62FECD9B9A2DB3DF3C9D66878F7B,VTS,1,,2013-01-13 10:20:00,2013-01-13 10:26:00,5,360,.99,-73.952042,40.808987,-73.964836,40.806877
EE6A914BE954F4B0F667EF41E212C60E,EA4A113DFD27506B4A3E1F885C810172,VTS,1,,2013-01-13 10:28:00,2013-01-13 10:30:00,1,120,.64,-73.982094,40.757618,-73.977837,40.764778
8703B7FD106C380AC6525ED7CA17CF91,10F529F7CA376017ECC3B0B62E64EAA2,VTS,1,,2013-01-13 10:23:00,2013-01-13 10:30:00,6,420,1.89,-73.979294,40.776741,-73.966705,40.793495
D0C8EC2010D09EDACFA538B58423340D,AB30246D41338DD8DE4B508BA93BB1E9,VTS,1,,2013-01-13 10:06:00,2013-01-13 10:30:00,1,1440,14.16,-73.864883,40.771317,-73.978683,40.663078
5F78CC6D4ECD0541B765FECE17075B6F,39703F5449DADC0AEFFAFEFB1A6A7E64,VTS,1,,2013-01-13 10:25:00,2013-01-13 10:32:00,1,420,1.02,-73.973228,40.763897,-73.958611,40.759987
1A50563CC49E045A115AE0BA61BE4658,3E7DE2A7DE12FE3F3E62AF403C8FEB94,VTS,1,,2013-01-13 10:27:00,2013-01-13 10:31:00,2,240,.81,-73.98526,40.768337,-73.989426,40.75872
FE6449BC4837A48D56D9D01265659420,C8EFFBC8DA5BECE88AF1F90D8B738EA2,VTS,1,,2013-01-13 10:20:00,2013-01-13 10:32:00,6,720,2.65,-73.96347,40.757542,-73.992332,40.747108
9B5341A0172EB269B33C6657BD6CC525,A0199F8B131BACEDA37FC8E492D86796,VTS,1,,2013-01-13 10:18:00,2013-01-13 10:27:00,5,540,1.24,-73.987312,40.758587,-73.990852,40.751026
9DFBCD218E7116F34C044F0680A0FB8A,815252E4667F23DC34800E545A79311A,VTS,1,,2013-01-13 10:29:00,2013-01-13 10:33:00,5,240,1.32,-73.967407,40.793308,-73.978851,40.777596
E20585D090C0C28E2A3B0C6DFBA678E9,3619198A8442A5C029EBFE3C16919038,VTS,1,,2013-01-13 10:26:00,2013-01-13 10:37:00,5,660,2.58,-73.990639,40.756683,-73.967911,40.775215
92180425A1382148C8224A83C055D619,B5A70E8E2045C81C72AFD8269B3E7E15,VTS,1,,2013-01-13 10:23:00,2013-01-13 10:28:00,2,300,1.10,-73.984665,40.748814,-74.00222,40.755928
160801778A042001E99C5C008F02A324,5D2CE9803DF6C0CC36EA528C2803F64E,VTS,1,,2013-01-13 10:30:00,2013-01-13 10:38:00,1,480,1.75,-73.99279,40.723881,-73.983566,40.744102
86A19BDB2054A5DC34ADC453DA36DFD3,9ABB138785153D38A598076B39B6332F,VTS,1,,2013-01-13 10:25:00,2013-01-13 10:30:00,1,300,.70,-74.00573,40.738647,-74.004135,40.73167
71A788D349C8206115457A1574A006A2,F508679D68B7399096FCDE18E10A29E0,VTS,1,,2013-01-13 10:24:00,2013-01-13 10:31:00,1,420,2.20,-73.985275,40.757248,-73.999161,40.730888
546E689A5A5151E24584B1B3BFC63B92,EB56DBD332601AD739524DCE1E19290E,VTS,1,,2013-01-13 10:28:00,2013-01-13 10:31:00,1,180,.71,-73.983505,40.738525,-73.977013,40.747158
E5E920D707DB53738804EEB284401CFC,60166F0AAA4A8A25DDE9B7A1D27651AE,VTS,1,,2013-01-13 10:28:00,2013-01-13 10:33:00,1,300,.80,-73.984474,40.725117,-73.99192,40.717613
4BAC2FBB8579978026CF09E4AC3C101D,5D7AC67A33FC4F1B593A0AB418416674,VTS,1,,2013-01-13 10:22:00,2013-01-13 10:30:00,1,480,2.20,0,0,0,0
463FFB280ACD007D759F0C542D2E3EB7,E643C45208357215A3A5DC8B9E7DCBCE,VTS,1,,2013-01-13 10:23:00,2013-01-13 10:31:00,1,480,2.89,-74.011841,40.707531,-73.995239,40.739361
A4390BBD41CFBF0986A4F6F75A54FBF5,7ACB60BB8C394745CE7E884401B14D7B,VTS,1,,2013-01-13 10:21:00,2013-01-13 10:33:00,1,720,2.56,-73.985214,40.77924,-73.953377,40.779835
0DE106C22F91831CF67D04EAE7973F02,CF1F8A67F1F8FB14C2FC316467D08BC0,VTS,1,,2013-01-13 10:29:00,2013-01-13 10:33:00,3,240,1.32,-73.987122,40.761425,-73.997498,40.752522
AF63C6CB66D4BC7278AF28E65EB90558,6F84FE74A85ABB66EAA73AA52B22B258,VTS,1,,2013-01-13 10:23:00,2013-01-13 10:32:00,2,540,2.29,-73.987564,40.775375,-73.994896,40.750221
90CE664FF2528CD186DC99A589900AEC,E583B8B438FC522A096DA0E8BAC98062,VTS,1,,2013-01-13 06:01:00,2013-01-13 06:06:00,2,300,1.06,-73.984711,40.769646,-73.992073,40.769379
E47A6E6C81F18BCCC44A72AF9A60E9A6,C231CAD30EADFBD9E32BD75B042D17F4,VTS,2,,2013-01-13 05:41:00,2013-01-13 06:06:00,1,1500,18.43,-73.9496,40.780815,-73.782791,40.644077
993587F9481E2CD34D809D20F17F7827,67EA68F3B5181E8028E3204FE1D042E4,VTS,1,,2013-01-13 05:59:00,2013-01-13 06:07:00,1,480,2.46,-73.989685,40.7192,-73.972954,40.736706
6F43262CC0C66F560B4D6AF14F4F16E2,2DB0A594ED38674DBF3CA53B2C1991DC,VTS,1,,2013-01-14 22:02:00,2013-01-14 22:06:00,2,240,.78,-73.995186,40.744404,-73.995186,40.744404
299893C4DBCEB1A4C318E9C458AB19D6,2F924E94689C01647873057864B27A30,VTS,1,,2013-01-13 06:06:00,2013-01-13 06:09:00,1,180,1.02,-73.952194,40.790081,-73.944847,40.802616
12FAD213D956882818BC2ADD04C65E4E,6C4063C75272D5F5C983886E9D16A594,VTS,2,,2013-01-13 06:06:00,2013-01-13 06:06:00,1,0,.00,-73.782822,40.648888,0,0
C6FA4C46560460C05D0D81819484A5FD,7B66E4E6ACBA2ABE49DCAC933694F135,VTS,1,,2013-01-13 06:08:00,2013-01-13 06:10:00,5,120,.54,-74.001022,40.731789,-73.941666,40.830147
FF40FB8123940D9F96D33EDA1D92A83C,0E3E115482EA09F5381483A107AEFB5E,VTS,1,,2013-01-13 05:53:00,2013-01-13 06:09:00,5,960,5.23,-73.999229,40.728279,-73.948891,40.785801
1C488C370EC032657A76271EA2E1E77C,C619D4D0DCCFFF1628AC830C876D7356,VTS,2,,2013-01-13 05:48:00,2013-01-13 06:10:00,6,1320,17.42,-73.99012,40.725471,-73.794258,40.644669
29B402D2300F7D7F8F7B0707DF25D7E7,B16B820B8AFE0A511AB21767909555FC,VTS,1,,2013-01-13 03:52:00,2013-01-13 04:17:00,1,1500,5.15,-73.981651,40.724407,-73.924316,40.690716
653E06BE3E64CF54525CE5FFB5BA5EAA,28E85A6ABD731C8FD6CD957297FA4D36,VTS,1,,2013-01-13 04:10:00,2013-01-13 04:20:00,1,600,3.74,-74.003464,40.751495,-73.969498,40.79364
5AC12216BEC879CCFC135AA2271A6A11,72780B1B81623A4B6CC6711CD76DB3B8,VTS,1,,2013-01-13 04:02:00,2013-01-13 04:18:00,2,960,3.45,-73.981361,40.67503,-73.938698,40.69434
6B507D9310CEE8779525CEDEA0D977B3,EBC2748B1746EA85F4112BF1810E9CBA,VTS,1,,2013-01-13 03:54:00,2013-01-13 03:57:00,1,180,.70,-73.996368,40.759945,-73.988319,40.764938
00A49907F0F143BD43111FEA38F43DFC,2848E7783992BBF2107F3D259B63EFE3,VTS,1,,2013-01-13 03:39:00,2013-01-13 04:01:00,1,1320,5.85,-73.999886,40.761497,-73.984276,40.692905
4EE8E79DCED34E8B80E04231B195D168,B1D357B0DBB168C122E455DFA3826634,VTS,1,,2013-01-13 03:53:00,2013-01-13 04:00:00,1,420,1.44,-73.981888,40.74641,-73.986084,40.731121
2088AD3CCF67CA0175C6A5D2C06841A5,F981998A1D656109610977B19344FD33,VTS,1,,2013-01-13 03:40:00,2013-01-13 03:58:00,1,1080,6.64,-73.99192,40.7258,-73.919769,40.762547
A627D3ADD4A418B3E05DA645D5A90CE2,6ACC2F05D541CBFA9D860101A0464F1F,VTS,1,,2013-01-13 03:55:00,2013-01-13 04:04:00,1,540,2.80,-74.007652,40.738979,-73.987679,40.763706
23741401A758FA92491AA753522F269E,DE55EF1ECD21286D0DAF039E9675376E,VTS,1,,2013-01-13 03:55:00,2013-01-13 04:04:00,1,540,2.49,-73.961586,40.764252,-73.99118,40.750439
8B17A20F99817F9751EE8683E43B712E,DF72C57F328509CC364656C94021B9B9,VTS,1,,2013-01-13 03:50:00,2013-01-13 04:01:00,3,660,2.35,-73.870941,40.73317,-73.847107,40.733097
4A15E823A8D4B398CFC16683EBD6956B,5352D1F7B7A41F1A189697135CEC95C5,VTS,1,,2013-01-13 03:54:00,2013-01-13 04:02:00,1,480,2.14,-74.006729,40.744164,-73.98632,40.767353
BFE28B7505EF96094010ABCF754DA6B1,D82F14FAA1F1DD9C3DF440C1B3AD5726,VTS,1,,2013-01-13 03:55:00,2013-01-13 04:06:00,1,660,2.53,-74.004974,40.708279,-73.999542,40.738644
A506888A914B08DDA4C1FD8649BA3C28,7961BA824986F5B968565C4D894A5074,VTS,1,,2013-01-13 03:56:00,2013-01-13 04:03:00,1,420,1.49,-73.986168,40.750336,-73.979691,40.752048
A80740399A40DE2C23B9C140686A3200,BD66D028D5291A00FA956E2912120535,VTS,1,,2013-01-13 03:55:00,2013-01-13 04:04:00,1,540,1.43,-73.986992,40.760151,-73.971642,40.750591
45CD76F3385B8A06089A9B5F44D0DEE2,E0E42EC7E702D24BA8E3BFACC178AFE6,VTS,1,,2013-01-13 03:55:00,2013-01-13 04:03:00,1,480,1.27,-73.98629,40.734718,-73.999779,40.730366
7014F71A9976FB75A748841BBBDBBBAD,1C4345D73B566526EC40EB4B71A14F4A,VTS,1,,2013-01-13 03:55:00,2013-01-13 04:02:00,1,420,1.56,-73.993996,40.740971,-73.974869,40.729626
3E86DAAE0EC6469792192248417D8450,B349B909558F76094793888FA1D1F659,VTS,1,,2013-01-13 03:55:00,2013-01-13 04:04:00,3,540,1.37,-74.005341,40.741035,-73.992592,40.743149
D046A193DBA129FDC757E12621BF28DD,6A1F45E615FA2A0BDD37BDE4A66106F0,VTS,1,,2013-01-13 10:15:00,2013-01-13 10:30:00,1,900,10.22,-73.870773,40.773701,-73.970093,40.753532
A9169F03DD4BFB1C99D569F545677785,541971D6CD83C593CFD5BD16B5B7407A,VTS,1,,2013-01-13 10:29:00,2013-01-13 10:32:00,2,180,.72,-73.978622,40.7855,-73.97245,40.793411
295EB7566AFE7B2AA3F5BEDA5EC0CDFA,57B32BBFFEC0179A73E525C106A8B043,VTS,1,,2013-01-13 10:06:00,2013-01-13 10:32:00,1,1560,10.58,-73.986595,40.758636,-73.864334,40.768211
74573167F71AE8239A145571768C49AC,E98F4499969B3AD6C58F6D7490431EB5,VTS,1,,2013-01-13 10:28:00,2013-01-13 10:30:00,1,120,.93,-73.994659,40.725914,-73.987915,40.732235
470121151A8F4215E4EC61EBA89E368B,D62040D7F6F5EDCDA57DE3CD098B5374,VTS,1,,2013-01-13 10:24:00,2013-01-13 10:33:00,1,540,2.14,-73.97316,40.785316,-73.957817,40.766983
8D551AFCEC01D13559773D5B3CD234DA,3ED9BBECEDD28F96275FBEB8A42C312B,VTS,1,,2013-01-13 10:24:00,2013-01-13 10:33:00,1,540,1.96,-74.009666,40.715199,-73.991173,40.726833
2249CF41A8B394A5C965607C5659D43F,452F10CA21AF98655578C99B1E39D4C2,VTS,1,,2013-01-13 09:17:00,2013-01-13 09:20:00,1,180,.86,-73.997108,40.722374,-73.986893,40.722363
3C91D87EA60B8770E5DD4417FB49940A,4AEB14CA4ABF0ACAA011AA24E629EB99,VTS,1,,2013-01-13 09:11:00,2013-01-13 09:21:00,1,600,1.99,-73.975594,40.761627,-73.954788,40.769543
64A5A535D5902D388621CD2C7CC16697,9DE4EB0D74FDECADC9ADF1F90303E9A7,VTS,1,,2013-01-13 09:14:00,2013-01-13 09:21:00,5,420,1.64,-73.957504,40.774334,-73.974815,40.787647
C202C1DF070CCD5254FA4CC1629AE0A0,FFD1B96DC484141AB97AF58F6E9B97B7,VTS,1,,2013-01-13 09:10:00,2013-01-13 09:15:00,3,300,.88,-73.959869,40.776485,-73.950523,40.783478
1D5461C0B8E5E4D20BCCF29B76781116,328F467B3ED8E592DD45BE0EFBECB8FB,VTS,1,,2013-01-13 09:17:00,2013-01-13 09:20:00,5,180,.94,-73.988068,40.738274,-73.998131,40.737114
954BC1AB7A1B3145E823FCC7C88C2557,E1BF9D027C3C175A0BD3425F53BA60FB,VTS,1,,2013-01-13 09:05:00,2013-01-13 09:18:00,2,780,3.71,-74.01757,40.707989,-73.994614,40.750504
1354F44EAEDF475B489A1E5D972FF9AC,EA53B38187D259103E1B95752C83015C,VTS,1,,2013-01-13 09:19:00,2013-01-13 09:20:00,6,60,.60,-73.978416,40.788303,-73.983246,40.781689
ED75D2ABE6241A6712F297BDC8844B36,6C2FF19A115CC50926F2A6CFC9494A90,VTS,1,,2013-01-13 09:02:00,2013-01-13 09:22:00,4,1200,10.32,-73.993462,40.758587,-73.866768,40.770153
470121151A8F4215E4EC61EBA89E368B,D62040D7F6F5EDCDA57DE3CD098B5374,VTS,1,,2013-01-13 09:15:00,2013-01-13 09:26:00,1,660,3.08,-73.984367,40.740017,-73.982063,40.771908
1A6C96C943057A7348818AC20B8D8A36,8B7EEA176AC86D8CD3A8A20AB528136F,VTS,1,,2013-01-13 09:11:00,2013-01-13 09:24:00,1,780,4.85,-73.982483,40.775681,-73.96006,40.776276
E9FF471F36A91031FE5B6D6228674089,56734033250FE6D49839C33BC1277F83,VTS,1,,2013-01-13 09:16:00,2013-01-13 09:25:00,2,540,1.88,-73.962448,40.802341,-73.941742,40.817001
CADF248C48EC7E185B489914485D8271,A2BF87A556759EB1BA7CFA98243A5640,VTS,1,,2013-01-13 09:13:00,2013-01-13 09:24:00,2,660,4.83,-73.978317,40.729053,-73.984756,40.701389
DD2ADB3DABFA92EE41314FD28C8B1A68,6551D2A3733201EF738E8C2389D1784A,VTS,1,,2013-01-13 09:21:00,2013-01-13 09:28:00,2,420,.19,-73.97654,40.77673,-73.954414,40.778152
E097412FE23295A691BEEE56F28FB9E2,F4A080C74006E24AF3B6CA978CB9BEF9,VTS,1,,2013-01-13 09:18:00,2013-01-13 09:26:00,2,480,1.31,-73.960281,40.766205,-73.978783,40.766579
547A587F87B4F26DBE2FC633A804BEF0,4AAD3CBE65D12B291ED9B1439E334FFB,VTS,1,,2013-01-13 09:14:00,2013-01-13 09:26:00,1,720,3.53,-73.959007,40.815025,-73.981979,40.773117
B013988D2B47544C4683A41C2AA8E903,8F5FE1DDE09FDBEF1C3882E327DB0AB9,VTS,1,,2013-01-13 09:05:00,2013-01-13 09:28:00,1,1380,13.70,-73.870316,40.77338,-73.939072,40.677956
2D2792269580F25AE3C893CBB2FEF94C,E62CE1A5CC40099E4896353F50F0C883,VTS,1,,2013-01-13 09:13:00,2013-01-13 09:25:00,5,720,2.56,-73.973557,40.759701,-73.995766,40.740166
C55D5C56D4C88F3EB9BB754232B36648,84EFB3B278561A2D52DDD8B911C8927B,VTS,1,,2013-01-13 09:19:00,2013-01-13 09:27:00,1,480,2.27,-73.992424,40.73418,-73.975746,40.757874
530D3365324D15926278B2A536262E03,470CD8E5252BBB032D9838595C374C73,VTS,1,,2013-01-13 10:39:00,2013-01-13 10:50:00,5,660,3.46,-73.920494,40.743576,-73.970772,40.752285
BE6F973B01381FC0D7186CC31C5947FF,6B3FC8EF638DBEE7D2E86C10EC1745E0,VTS,1,,2013-01-13 10:22:00,2013-01-13 10:42:00,3,1200,11.23,-73.981834,40.765587,-73.863327,40.7673
57596C3BB33F47B02E57C56BEB9D540A,448A5BC88637BAB7041C1EFCA880D7C6,VTS,1,,2013-01-13 10:40:00,2013-01-13 10:46:00,1,360,1.18,-73.983757,40.7607,-74.00058,40.758312
3D436CD3F76226A6F20C783FBB1C235A,602CA43EFD700EFAC8D6C77F5EBFA975,VTS,1,,2013-01-13 09:17:00,2013-01-13 09:21:00,1,240,1.96,-74.000252,40.742882,-73.983597,40.765572
124FF99D9330F4366E806B3BFB039D71,0CB9AB091A024268A6566849F6FE04D0,VTS,1,,2013-01-13 09:05:00,2013-01-13 09:21:00,5,960,3.52,-73.997559,40.750725,-73.976776,40.718243
B8AFF8A4101503C4111D861F4698A75C,38AD4EA2305C433947341C464EC103D6,VTS,1,,2013-01-13 09:15:00,2013-01-13 09:18:00,1,180,.73,-73.990028,40.759861,-73.993439,40.7654
6F05C2D331B2178F3FCEAC56CF0CF753,F718681C7C9D7961047D593C10C89B3C,VTS,1,,2013-01-13 09:14:00,2013-01-13 09:19:00,1,300,1.61,-73.980225,40.770344,-73.974472,40.788383
D2B4FB1068872B5112040738821988A1,81A4E8AA573C49C761B6DF81B5232C70,VTS,1,,2013-01-13 09:20:00,2013-01-13 09:23:00,2,180,.98,-73.957664,40.774639,-73.971825,40.782104
7D9F519277EFC47748CB4C3563BC9D43,6E4437DF7A9F6E248D87291FAC462E8D,VTS,1,,2013-01-13 09:16:00,2013-01-13 09:25:00,6,540,3.05,-73.953941,40.779854,-73.982262,40.75148
F1C9999513AF3506F13F6FB7AF823720,2D8B2120FDFD9CE42A451660C2C5B5C3,VTS,1,,2013-01-13 09:00:00,2013-01-13 09:26:00,3,1560,10.09,-73.997353,40.736511,-73.873817,40.771431
EC8B1C51CBA4472C243D00F98F73B1DE,52004C71D26D92B68D3424E7572B9535,VTS,1,,2013-01-13 09:13:00,2013-01-13 09:26:00,1,780,4.03,-73.918907,40.769386,-73.973335,40.757771
F36564AB9C6EA3B6373EB0E1680A447A,FA9844DF87F8CD641DB58BC2A0E466F8,VTS,1,,2013-01-13 09:17:00,2013-01-13 09:25:00,4,480,2.15,-73.958519,40.800732,-73.959862,40.781281
2134FE196E7AF33ECFF1B7C9740F6C8D,71D4AB57E35C5DB7E4A34416043DC5EF,VTS,1,,2013-01-13 09:27:00,2013-01-13 09:29:00,1,120,.37,-73.956085,40.779785,-73.96093,40.78083
EB6F0753E865DA0ABA7B249F4B8CF51E,B62E909FAF9B6D44B41934642A249C35,VTS,1,,2013-01-13 09:29:00,2013-01-13 09:35:00,1,360,1.52,-73.982262,40.762177,-74.000435,40.758053
2145E2701968796E8996F43F29A9D9BF,26AE3417FAB5FCAEA717B55EFF5B3C76,VTS,1,,2013-01-13 09:17:00,2013-01-13 09:27:00,5,600,5.03,-74.004089,40.707588,-73.980423,40.753712
53D67B182949F562A1F790D8484A4CC7,07B77A9E86204AADBF334BD3D425F230,VTS,1,,2013-01-13 09:15:00,2013-01-13 09:19:00,1,240,.16,-73.972549,40.74678,-73.960793,40.764851
8AC3BD56C4BBE09B58D0E225F62F3F9D,ADA16F15478BD881AE3132EB522E83FF,VTS,1,,2013-01-13 09:24:00,2013-01-13 09:29:00,1,300,1.90,-73.945297,40.783367,-73.945297,40.783367
672AEB89223BF87777441FFD4D794F60,B2AF63910870CBDB7C6666C8131B53B2,VTS,1,,2013-01-13 09:20:00,2013-01-13 09:27:00,2,420,2.37,-73.969444,40.790253,-73.987808,40.764591
C82FE4F8472ECFC79C046440CDD440D5,2958988CC9A5576C01567292D0053D04,VTS,1,,2013-01-13 09:07:00,2013-01-13 09:28:00,1,1260,5.48,-73.987831,40.719856,-73.906616,40.685226
CBE2015D17B8641EADA0BFAD797C86FF,3A624C703C396BCDEA9C38D2C59B03B3,VTS,1,,2013-01-13 09:23:00,2013-01-13 09:29:00,5,360,1.50,-73.985626,40.778423,-73.970596,40.767536
380CC0362AA13BE5526534F3CF67D566,7EB892DD8E3918ED0B717B9DBD8D6D53,VTS,1,,2013-01-13 09:23:00,2013-01-13 09:28:00,1,300,.87,-73.989037,40.758877,-73.993752,40.766357
303E3DE4DEBD8B0D4DBD0FBAF4512372,4947DD1347CA7D0F52FCD645A2F21BDE,VTS,1,,2013-01-13 09:21:00,2013-01-13 09:28:00,5,420,1.60,-73.953613,40.779343,-73.963135,40.762379
8F83298E9A9EBB4468F29156838CB0FF,F4AB00C40D5768BF9F2C11D5DB506B37,VTS,1,,2013-01-13 09:25:00,2013-01-13 09:29:00,1,240,1.50,-74.001122,40.749062,-73.987968,40.759827
2528C00729BDD4E82E25CF14999F3C4C,D3D2EC03C378654AEFC620518086596F,VTS,1,,2013-01-13 09:18:00,2013-01-13 09:32:00,6,840,3.53,-73.951828,40.773621,-73.988808,40.745197
6FCE52FA1DFCF8BA126B02481A651FC9,DA69DB0526CDD2DD77C6C6F723730718,VTS,1,,2013-01-13 07:40:00,2013-01-13 07:52:00,1,720,2.16,-74.00412,40.721962,-73.983582,40.741356
67ECEA008EF4B5C5C023B2D41FADDA6B,F5FBCCEA1D840B81E06FC9E7A3F7E95F,VTS,1,,2013-01-13 03:54:00,2013-01-13 04:04:00,1,600,2.23,-73.997154,40.722061,-73.994812,40.745602
4235B84E89BCBDF56662F123DF30111B,BA3141A26DE0E38CAC144C885695F46A,VTS,1,,2013-01-13 03:52:00,2013-01-13 04:06:00,6,840,5.43,-74.000816,40.742161,-73.971222,40.795326
D27A0F1D7A560D03E1D7EE27DE354EBA,730992E3C88823C552002108D65614FD,VTS,1,,2013-01-13 03:44:00,2013-01-13 04:03:00,6,1140,8.96,-73.978264,40.745548,-73.936348,40.845699
CB4A208CE35D8FA2A8D76B419180991D,8FCE5D247A6B74FF050D7ADF373C375C,VTS,1,,2013-01-13 04:01:00,2013-01-13 04:05:00,3,240,.81,-73.987823,40.738091,-73.996239,40.732288
CF55BD128ECDE7BC97DCC234505FA5CF,93BDCF539A99FAA5F64EEFBC415C0D3C,VTS,1,,2013-01-13 03:57:00,2013-01-13 04:05:00,2,480,2.00,-73.984154,40.740246,-74.003075,40.717911
3AEA8165145C7C3F0F94B81C75A51ECE,2EA1295D2E413D8C68CF8F0F58F97751,VTS,2,,2013-01-13 03:32:00,2013-01-13 04:03:00,1,1860,20.93,-73.781883,40.644688,-73.979378,40.791168
573D0DD19B8C20613A4CCA6B13505C76,9A02AAB119992C97FE6BAA196C79ADC0,VTS,1,,2013-01-13 03:51:00,2013-01-13 04:04:00,1,780,2.75,-74.004997,40.741467,-74.00753,40.7089
75FC48DEAAAFCF2B788AAFAEADA90955,3E8783B29ABF15A4F5B475D928D2A7BD,VTS,1,,2013-01-13 03:56:00,2013-01-13 04:03:00,1,420,1.61,-73.95034,40.722786,-73.945862,40.703281
6740E18D28BB8069535901A6070DAB09,55DDC0ED4099118B6DE58CB4302BB323,VTS,1,,2013-01-13 04:01:00,2013-01-13 04:05:00,1,240,1.33,-74.005615,40.726303,-74.003883,40.738354
6E9AE8B56D68D2AD6731DDB16B74EE3B,8835A983A603F20AA2677DA7CA20E2F6,VTS,1,,2013-01-13 04:00:00,2013-01-13 04:01:00,2,60,.48,-74.002563,40.739647,-73.998962,40.744446
B304299AAB9F5354FAFC3AF25416A764,7063281628DE4E942B29045A4F425510,VTS,1,,2013-01-13 04:02:00,2013-01-13 04:08:00,1,360,1.89,-73.967026,40.760696,-73.947319,40.776215
D941215A66CBCF3A7D6D318546986B1E,C33EAAD3CF04C781853DFB0786243E61,VTS,1,,2013-01-13 04:03:00,2013-01-13 04:08:00,2,300,1.66,-73.987701,40.718281,-73.96109,40.70956
FE6449BC4837A48D56D9D01265659420,D8B109DC861AA892745CC4CFF78D98E3,VTS,1,,2013-01-13 04:02:00,2013-01-13 04:08:00,1,360,1.93,-73.992096,40.763992,-73.97551,40.786926
0FD158CFBA799B218AE742D57EB23971,FB2A751DFCE63268B6BECF6DC866802A,VTS,1,,2013-01-13 03:58:00,2013-01-13 04:07:00,1,540,1.70,-73.982826,40.677551,-74.00116,40.684673
09459F826A44348760E74FCD3BFBDB72,86D416620B305B017BF17615D8FC3ADB,VTS,1,,2013-01-13 04:08:00,2013-01-13 04:11:00,1,180,.49,-73.983307,40.726715,-73.97934,40.723392
F14F8B3DC77F2E3E38B69329C002A753,89A8325C63294E8F13EEF847D6FD5F65,VTS,1,,2013-01-13 03:59:00,2013-01-13 04:08:00,1,540,1.53,-74.003967,40.732925,-73.981827,40.724232
D42098D261108253399EED5316D41CD5,6BEB17C8878DB432AE453D71FC5879FE,VTS,1,,2013-01-13 03:54:00,2013-01-13 04:10:00,5,960,1.81,-74.000099,40.738754,-73.985909,40.722687
D409FE36415B23FDA006DA5D92E0D1E4,254253EA055BF57CEF00EE07BAE90398,VTS,1,,2013-01-13 04:03:00,2013-01-13 04:07:00,1,240,.65,-73.992393,40.741035,-73.987427,40.744762
E66BD24BB6A6AEF1AEC0B98F73EBFDE5,4750F288D45C274E9D653B6CD5242280,VTS,1,,2013-01-13 04:02:00,2013-01-13 04:10:00,1,480,2.36,-74.006592,40.744183,-73.980118,40.761677
FA68ED851583E9FB5C67DD5A093EFC3B,77E5C9BDC028B6CACA825C478E232FBE,VTS,1,,2013-01-13 03:56:00,2013-01-13 04:08:00,1,720,4.39,-73.968399,40.750725,-73.919098,40.766994
CE3F6B23F03D28873BB05BEDEADAA068,67EBC26275DCCD5F98D56486DA57894C,VTS,1,,2013-01-13 03:57:00,2013-01-13 04:09:00,5,720,2.53,-73.992538,40.741222,-73.998787,40.714878
B6EA16667573BC4128A52741FEC5E703,BA510F229E9E7E2925B098D89BD85113,VTS,1,,2013-01-13 03:48:00,2013-01-13 04:09:00,1,1260,4.95,-73.962242,40.804489,-73.971024,40.750881
7BB8A299FE111E1166AC8C5D36C37EA1,FA36E516BD1822D190D32EFDC6B0E015,VTS,1,,2013-01-13 08:42:00,2013-01-13 08:49:00,1,420,2.03,-73.984383,40.72876,-73.976212,40.752342
E034E36C7B73E53B114B838FED36BEB2,5C3FEB0F55084234633B342B1BC5E432,VTS,1,,2013-01-13 08:37:00,2013-01-13 08:50:00,1,780,3.45,-74.000076,40.721764,-74.001335,40.755478
F41B820EA3CFF04D30A174348DD65597,F6B34FD4448B040D156294910053A18B,VTS,1,,2013-01-13 08:38:00,2013-01-13 08:50:00,3,720,5.91,-73.95208,40.824467,-73.973679,40.763618
DE5C065BBC7178FE18DE628D27B34FCA,3BB1A201A8FF2779BFA6B66AEFACC474,VTS,1,,2013-01-13 10:26:00,2013-01-13 10:37:00,6,660,2.16,-73.991707,40.726303,-73.986313,40.751953
0FE43EBDF135B1E70B0F710B23A87240,8BAD9F3A947569F3699246A5F22431B6,VTS,1,,2013-01-13 10:25:00,2013-01-13 10:35:00,1,600,.20,-73.972054,40.757198,-73.977303,40.774277
90E3293099E5525D5DB1E01A95D2C757,E623756A027B29C2D8EE5C185494960C,VTS,1,,2013-01-13 10:34:00,2013-01-13 10:40:00,1,360,1.71,-73.948494,40.774143,-73.968605,40.764561
1066F50D87BD0F9D8DC7D4E469FCE3D4,5B11BD0D9CDFE3722C401FBA4BFD6FC2,VTS,1,,2013-01-13 10:39:00,2013-01-13 10:43:00,2,240,1.70,-73.991936,40.743992,-73.977913,40.762589
A38D671A1B460DEB1CFDF1453F540031,47AC05DE111ADCA998F5A8F2572BD330,VTS,1,,2013-01-13 10:37:00,2013-01-13 10:39:00,5,120,.35,-73.981987,40.749447,-73.978867,40.753048
C1076C1E5DBDFF0D409E944CB785BD22,3303DB3D9499ABE45B616E37DAD056B0,VTS,1,,2013-01-13 10:30:00,2013-01-13 10:39:00,6,540,1.84,0,0,0,0
68AFAB054782BAAA2EC999094A9C6D68,9080EFAD7C371BFA8809CD3F4CE8C458,VTS,1,,2013-01-13 10:30:00,2013-01-13 10:36:00,5,360,1.66,-73.952316,40.803181,-73.97052,40.794212
8F0D4A95E121B52CAAEFE53AA8723A73,4CB0A24AC2DC6CCF90ACF6432CEE0405,VTS,1,,2013-01-13 10:32:00,2013-01-13 10:39:00,1,420,1.96,-73.964172,40.771027,-73.98172,40.746925
FDBBD26BE134E0557CB277EFDFC8BC0F,26F5B0FC13EFFF5005CA618F14B5B7FE,VTS,1,,2013-01-13 10:29:00,2013-01-13 10:39:00,1,600,2.68,-73.996262,40.726189,-73.984177,40.756714
94FDCBD4545E22964BBCE5D1332076F8,11F130DCDB18EC5EEBF064CC46B22E19,VTS,1,,2013-01-13 10:33:00,2013-01-13 10:40:00,2,420,2.24,-73.992081,40.764248,-73.972969,40.790276
0B120D8BE3AD36A0A94B8ECFEA04C959,6F3634C16655327D7A3C4BFFB534D9AB,VTS,2,,2013-01-13 10:16:00,2013-01-13 10:40:00,1,1440,16.76,-73.781715,40.644753,-73.971832,40.744785
8703B7FD106C380AC6525ED7CA17CF91,10F529F7CA376017ECC3B0B62E64EAA2,VTS,1,,2013-01-13 10:40:00,2013-01-13 10:42:00,5,120,.73,-73.982155,40.773861,-73.98172,40.76733
FDC0CA1114F1F67CB383BAAC59A985E1,B1DDEDF42819E17908A43B1543E16011,VTS,1,,2013-01-13 10:38:00,2013-01-13 10:41:00,1,180,.96,-73.952499,40.798264,-73.953125,40.791603
D2858453F1C78DB3760C183585FECB7F,50B9A99F02A6D82A6E05CC3B1F520966,VTS,1,,2013-01-13 09:16:00,2013-01-13 09:20:00,1,240,.41,-73.971298,40.760635,-73.971298,40.760635
D9BC809E02CE49151DC3BE6FD5715EA4,2A3A711D0A22772253B7C5BD88E086B7,VTS,1,,2013-01-13 09:09:00,2013-01-13 09:21:00,6,720,4.19,-73.952454,40.778221,-74.002541,40.756062
FC51A43508446C316ADB40948C94A343,4CB634CD417730AA9EB6E6699E79E2BF,VTS,1,,2013-01-13 09:12:00,2013-01-13 09:17:00,5,300,1.06,-73.964912,40.766586,-73.976479,40.761333
9D2F46AB6BAE9C2BDCB66F74AA499451,C63DC7A7AF55798FCD77CFA15850CD75,VTS,1,,2013-01-13 09:14:00,2013-01-13 09:20:00,1,360,1.85,-73.97451,40.787518,-73.953972,40.79887
49E06386E3DF30FFB6A98D4321874BF0,C8C4020B89F9312B68979104595A2038,VTS,1,,2013-01-13 09:15:00,2013-01-13 09:21:00,1,360,1.08,-73.98632,40.759327,-73.991325,40.75
D75686B95B035DDA9574FA6E56EE1D9D,D155EFD683580B14FB3A59A95852D1AC,VTS,1,,2013-01-13 09:10:00,2013-01-13 09:22:00,6,720,3.37,-73.988953,40.721676,-73.981834,40.754246
3F3BAFB2BE213B93C849663B195D89BE,3A8F96E6A2DE0EC69110FC913F6C0DE4,VTS,1,,2013-01-13 09:18:00,2013-01-13 09:22:00,1,240,1.11,-73.964035,40.761242,-73.955711,40.768082
26EB9B3D549523A9BFFD78A7B6E46CE8,1E978D6F1832623DF6827284245F1593,VTS,1,,2013-01-13 09:08:00,2013-01-13 09:25:00,1,1020,11.97,-73.996254,40.686279,-73.861214,40.76791
319AE2555940BA65DB0749E1DD1FBA0B,0643BD11C91272BC9B3909549E06AE9C,VTS,1,,2013-01-13 09:18:00,2013-01-13 09:26:00,1,480,1.69,-73.955299,40.767818,-73.976624,40.765778
9C93E30D2CFC79A3053CB907BB93537F,2E9A9BDBC64EFCD0AFF4AAF4089979C9,VTS,1,,2013-01-13 09:12:00,2013-01-13 09:26:00,1,840,1.82,-73.963829,40.774372,-73.959946,40.779022
3605E8D8A3FCA15162014DE4FD8C4AC0,9C1900BDC6C8AB812779E5BC4EC94543,VTS,1,,2013-01-13 09:16:00,2013-01-13 09:26:00,1,600,3.74,-74.009171,40.703693,-73.975761,40.728199
26DD3C2CB30956ABB1DBE3E97CFD9D05,49EC2677D1F86E53F1999B1B1EE5FD60,VTS,1,,2013-01-13 09:24:00,2013-01-13 09:28:00,1,240,1.70,-73.986305,40.7523,-73.982178,40.769051
CE6D3C4070FA246E2E1742910FC435EB,F5C3F8509FC3AA3468062523C73C523C,VTS,1,,2013-01-13 10:26:00,2013-01-13 10:31:00,1,300,1.77,-73.993919,40.762047,-74.003593,40.743366
BBCCA4ED7B825EF1316A996201CAC03C,199EEEFA30FF9D8D0DDEAAE121107C8E,VTS,1,,2013-01-13 10:26:00,2013-01-13 10:31:00,5,300,.96,-73.957939,40.779324,-73.944855,40.778786
1D2CAE137C3B212056E1A03E0E981BCC,89E6A8DC8321BCF5A59961E451B958E7,VTS,1,,2013-01-13 10:27:00,2013-01-13 10:31:00,4,240,1.24,-73.991188,40.770157,-73.978615,40.765224
BE333801AA94BA10D58CEA44A6B6D17D,9ED3F0C55F747E231FE6516502720E99,VTS,3,,2013-01-13 09:57:00,2013-01-13 10:26:00,1,1740,18.23,-73.974228,40.742733,-74.176735,40.693127
